year,component,cartype,temperature,lower_p_bound,upper_p_bound,lambda,M_tot
2019,BC (exhaust),Diesel,20,0,1,0.753612947,0.000731457
2019,BC (exhaust),Diesel,20,1,2,0.494839855,0.001858841
2019,BC (exhaust),Diesel,20,2,3,0.425048112,0.002341073
2019,BC (exhaust),Diesel,20,3,8,0.417437131,0.002674762
2019,BC (exhaust),Diesel,20,8,1000,0.501553249,0.004051113
2019,Benzene,Diesel,20,0,1,2.677227265,0.000307048
2019,Benzene,Gasoline,20,0,1,10.38501532,0.018420819
2019,Benzene,PHEV,20,0,1,20,0.002958142
2019,Benzene,Diesel,20,1,2,1.596589541,0.0007758
2019,Benzene,Gasoline,20,1,2,9.163014073,0.046542749
2019,Benzene,PHEV,20,1,2,20,0.007474155
2019,Benzene,Diesel,20,2,3,1.41599961,0.00098425
2019,Benzene,Gasoline,20,2,3,8.971883368,0.05904837
2019,Benzene,PHEV,20,2,3,20,0.009482393
2019,Benzene,Diesel,20,3,8,1.379108871,0.001125565
2019,Benzene,Gasoline,20,3,8,8.936172184,0.067526333
2019,Benzene,PHEV,20,3,8,20,0.010843842
2019,Benzene,Diesel,20,8,1000,1.301283493,0.001719611
2019,Benzene,Gasoline,20,8,1000,8.919351288,0.101266466
2019,Benzene,PHEV,20,8,1000,20,0.016262067
2019,CH4,Diesel,20,0,1,2.677212085,0.000629843
2019,CH4,Gasoline,20,0,1,7.803888391,0.015634518
2019,CH4,PHEV,20,0,1,20,0.00237607
2019,CH4,Diesel,20,1,2,1.596592976,0.001591384
2019,CH4,Gasoline,20,1,2,6.581563376,0.03950277
2019,CH4,PHEV,20,1,2,20,0.006003469
2019,CH4,Diesel,20,2,3,1.415998737,0.002018975
2019,CH4,Gasoline,20,2,3,6.389742765,0.050116807
2019,CH4,PHEV,20,2,3,20,0.007616548
2019,CH4,Diesel,20,3,8,1.318990882,0.002351546
2019,CH4,Gasoline,20,3,8,6.353832448,0.05731241
2019,CH4,PHEV,20,3,8,20,0.008710106
2019,CH4,Diesel,20,8,1000,1.301283107,0.00352741
2019,CH4,Gasoline,20,8,1000,6.336903509,0.085949086
2019,CH4,PHEV,20,8,1000,20,0.013062189
2019,CO,Diesel,20,0,1,5.472936654,0.133352816
2019,CO,Gasoline,20,0,1,20,0.985459983
2019,CO,PHEV,20,0,1,20,0.163706198
2019,CO,Diesel,20,1,2,2.892860278,0.371186034
2019,CO,Gasoline,20,1,2,10.78786449,2.739095688
2019,CO,PHEV,20,1,2,16.746154,0.45502305
2019,CO,Diesel,20,2,3,2.424046693,0.535853254
2019,CO,Gasoline,20,2,3,7.977380165,3.946063042
2019,CO,PHEV,20,2,3,9.657429745,0.655526519
2019,CO,Diesel,20,3,8,2.340743469,0.702085569
2019,CO,Gasoline,20,3,8,7.416032398,5.167368412
2019,CO,PHEV,20,3,8,8.687459655,0.858411729
2019,CO,Diesel,20,8,1000,2.302590359,1.225618572
2019,CO,Gasoline,20,8,1000,7.173719745,9.018080711
2019,CO,PHEV,20,8,1000,8.306105177,1.498098373
2019,CO2_WTW,Diesel,20,0,1,1.351352589,6.111139297
2019,CO2_WTW,Gasoline,20,0,1,4.095640477,9.013720512
2019,CO2_WTW,PHEV,20,0,1,4.73899311,2.095751286
2019,CO2_WTW,Diesel,20,1,2,0.818555104,18.32596207
2019,CO2_WTW,Gasoline,20,1,2,2.294659567,26.85614014
2019,CO2_WTW,PHEV,20,1,2,2.552391081,6.259135723
2019,CO2_WTW,Diesel,20,2,3,0.652562415,31.93134494
2019,CO2_WTW,Gasoline,20,2,3,1.983582441,44.36720276
2019,CO2_WTW,PHEV,20,2,3,2.193056134,10.37216091
2019,CO2_WTW,Diesel,20,3,8,0.634045978,44.72114208
2019,CO2_WTW,Gasoline,20,3,8,1.921293857,61.79280853
2019,CO2_WTW,PHEV,20,3,8,2.124464633,14.47220135
2019,CO2_WTW,Diesel,20,8,1000,0.625183772,153.3250349
2019,CO2_WTW,Gasoline,20,8,1000,1.877079516,209.1801147
2019,CO2_WTW,PHEV,20,8,1000,2.081550547,49.21850204
2019,CO2e,Diesel,20,0,1,1.351754181,5.053150177
2019,CO2e,Gasoline,20,0,1,4.109520076,7.632338047
2019,CO2e,PHEV,20,0,1,4.749766662,1.769528031
2019,CO2e,Diesel,20,1,2,0.818753658,15.15199566
2019,CO2e,Gasoline,20,1,2,2.306018981,22.71199417
2019,CO2e,PHEV,20,1,2,2.560902651,5.280465603
2019,CO2e,Diesel,20,2,3,0.652705275,26.39759689
2019,CO2e,Gasoline,20,2,3,1.991742192,37.46029282
2019,CO2e,PHEV,20,2,3,2.199140565,8.741044044
2019,CO2e,Diesel,20,3,8,0.634159607,36.96869728
2019,CO2e,Gasoline,20,3,8,1.927867762,52.1231308
2019,CO2e,PHEV,20,3,8,2.129358241,12.18863773
2019,CO2e,Diesel,20,8,1000,0.625232673,126.7269576
2019,CO2e,Gasoline,20,8,1000,1.879950031,176.0136719
2019,CO2e,PHEV,20,8,1000,2.083681114,41.38600922
2019,FC,Diesel,20,0,1,1.349437861,1.599175811
2019,FC,Gasoline,20,0,1,4.020655902,2.298880577
2019,FC,PHEV,20,0,1,4.681544145,0.542897165
2019,FC,Diesel,20,1,2,0.817608473,4.797527313
2019,FC,Gasoline,20,1,2,2.234060775,6.896642685
2019,FC,PHEV,20,1,2,2.507292894,1.628691554
2019,FC,Diesel,20,2,3,0.651880818,8.364386957
2019,FC,Gasoline,20,2,3,1.940392066,11.49440289
2019,FC,PHEV,20,2,3,2.160970036,2.714485884
2019,FC,Diesel,20,3,8,0.633506239,11.71800197
2019,FC,Gasoline,20,3,8,1.886583278,16.09216499
2019,FC,PHEV,20,3,8,2.098697801,3.800280809
2019,FC,Diesel,20,8,1000,0.624950669,40.20363624
2019,FC,Gasoline,20,8,1000,1.861986912,55.19521332
2019,FC,PHEV,20,8,1000,2.070361013,13.03474617
2019,FC_MJ,Diesel,20,0,1,1.349437991,0.068700589
2019,FC_MJ,Gasoline,20,0,1,4.020655078,0.10010016
2019,FC_MJ,PHEV,20,0,1,4.681543088,0.023639372
2019,FC_MJ,Diesel,20,1,2,0.817608694,0.206101745
2019,FC_MJ,Gasoline,20,1,2,2.234061044,0.300300479
2019,FC_MJ,PHEV,20,1,2,2.507292014,0.070918128
2019,FC_MJ,Diesel,20,2,3,0.651880741,0.359334097
2019,FC_MJ,Gasoline,20,2,3,1.940392118,0.500500798
2019,FC_MJ,PHEV,20,2,3,2.160969864,0.11819686
2019,FC_MJ,Diesel,20,3,8,0.633506312,0.503405305
2019,FC_MJ,Gasoline,20,3,8,1.886582958,0.700701177
2019,FC_MJ,PHEV,20,3,8,2.098697621,0.165475622
2019,FC_MJ,Diesel,20,8,1000,0.624950524,1.727148345
2019,FC_MJ,Gasoline,20,8,1000,1.861986879,2.403365135
2019,FC_MJ,PHEV,20,8,1000,2.070360553,0.567572057
2019,HC,Diesel,20,0,1,2.677219367,0.026243437
2019,HC,Gasoline,20,0,1,9.107533804,0.275509775
2019,HC,PHEV,20,0,1,20,0.043438211
2019,HC,Diesel,20,1,2,1.596591872,0.066307671
2019,HC,Gasoline,20,1,2,7.885486993,0.696113408
2019,HC,PHEV,20,1,2,20,0.109752648
2019,HC,Diesel,20,2,3,1.41599916,0.084123947
2019,HC,Gasoline,20,2,3,7.694205675,0.883152962
2019,HC,PHEV,20,2,3,20,0.139242187
2019,HC,Diesel,20,3,8,1.318989457,0.097981075
2019,HC,Gasoline,20,3,8,7.658444931,1.009953141
2019,HC,PHEV,20,3,8,20,0.159234121
2019,HC,Diesel,20,8,1000,1.301283585,0.146975411
2019,HC,Gasoline,20,8,1000,7.641599631,1.514585376
2019,HC,PHEV,20,8,1000,20,0.238796905
2019,NMHC,Diesel,20,0,1,2.677220384,0.025613593
2019,NMHC,Gasoline,20,0,1,9.221279666,0.259875238
2019,NMHC,PHEV,20,0,1,20,0.041062143
2019,NMHC,Diesel,20,1,2,1.596592135,0.06471628
2019,NMHC,Gasoline,20,1,2,7.999237255,0.656610727
2019,NMHC,PHEV,20,1,2,20,0.103749171
2019,NMHC,Diesel,20,2,3,1.415999401,0.082104966
2019,NMHC,Gasoline,20,2,3,7.807984598,0.833036065
2019,NMHC,PHEV,20,2,3,20,0.131625637
2019,NMHC,Diesel,20,3,8,1.318990776,0.095629534
2019,NMHC,Gasoline,20,3,8,7.772246003,0.952640593
2019,NMHC,PHEV,20,3,8,20,0.150524005
2019,NMHC,Diesel,20,8,1000,1.301282637,0.143448032
2019,NMHC,Gasoline,20,8,1000,7.755396422,1.428636074
2019,NMHC,PHEV,20,8,1000,20,0.225734711
2019,NO2,Diesel,20,0,1,0.652075379,-0.186036735
2019,NO2,Gasoline,20,0,1,1.244135065,0.010192963
2019,NO2,PHEV,20,0,1,20,0.00231574
2019,NO2,Diesel,20,1,2,0.467597105,-0.374188752
2019,NO2,Gasoline,20,1,2,0.909435698,0.020024965
2019,NO2,PHEV,20,1,2,20,0.004549472
2019,NO2,Diesel,20,2,3,0.420492677,-0.437408596
2019,NO2,Gasoline,20,2,3,0.813811574,0.021256445
2019,NO2,PHEV,20,2,3,20,0.004829253
2019,NO2,Diesel,20,3,8,0.420492677,-0.437408596
2019,NO2,Gasoline,20,3,8,0.813811491,0.02202045
2019,NO2,PHEV,20,3,8,20,0.005002826
2019,NO2,Diesel,20,8,1000,0.443594733,-0.439031806
2019,NO2,Gasoline,20,8,1000,0.858596646,0.016824463
2019,NO2,PHEV,20,8,1000,20,0.00382235
2019,NOx,Diesel,20,0,1,0.645658523,-0.211922249
2019,NOx,Gasoline,20,0,1,6.012745585,0.20385927
2019,NOx,PHEV,20,0,1,20,0.046314798
2019,NOx,Diesel,20,1,2,0.463041968,-0.426007038
2019,NOx,Gasoline,20,1,2,4.968032144,0.400499344
2019,NOx,PHEV,20,1,2,20,0.090989448
2019,NOx,Diesel,20,2,3,0.416293409,-0.497876574
2019,NOx,Gasoline,20,2,3,4.692193148,0.425128937
2019,NOx,PHEV,20,2,3,20,0.09658505
2019,NOx,Diesel,20,3,8,0.416293409,-0.497876574
2019,NOx,Gasoline,20,3,8,4.692194205,0.440408975
2019,NOx,PHEV,20,3,8,20,0.100056522
2019,NOx,Diesel,20,8,1000,0.439229817,-0.499763331
2019,NOx,Gasoline,20,8,1000,4.819386271,0.33648926
2019,NOx,PHEV,20,8,1000,20,0.07644701
2019,Pb,Gasoline,20,0,1,4.020628704,2.28969E-06
2019,Pb,PHEV,20,0,1,4.681546576,5.40726E-07
2019,Pb,Gasoline,20,1,2,2.234058299,6.86906E-06
2019,Pb,PHEV,20,1,2,2.50728763,1.62218E-06
2019,Pb,Gasoline,20,2,3,1.940398871,1.14484E-05
2019,Pb,PHEV,20,2,3,2.160977215,2.70363E-06
2019,Pb,Gasoline,20,3,8,1.886578862,1.60278E-05
2019,Pb,PHEV,20,3,8,2.098693302,3.78508E-06
2019,Pb,Gasoline,20,8,1000,1.861987221,5.49744E-05
2019,Pb,PHEV,20,8,1000,2.070363636,1.29826E-05
2019,PM2.5,Diesel,20,0,1,1.11871622,0.001358413
2019,PM2.5,Diesel,20,1,2,0.743428286,0.003432218
2019,PM2.5,Diesel,20,2,3,0.637033746,0.004354425
2019,PM2.5,Diesel,20,3,8,0.625611905,0.004979618
2019,PM2.5,Diesel,20,8,1000,0.755717216,0.00746773
2019,PN,Diesel,20,0,1,0.846415869,7.0086E+11
2019,PN,Diesel,20,1,2,0.559278182,1.77082E+12
2019,PN,Diesel,20,2,3,0.480221283,2.24662E+12
2019,PN,Diesel,20,3,8,0.47177387,2.56919E+12
2019,PN,Diesel,20,8,1000,0.567589137,3.8529E+12
2019,SO2,Diesel,20,0,1,1.349439522,6.3967E-06
2019,SO2,Gasoline,20,0,1,4.020676318,4.26465E-05
2019,SO2,PHEV,20,0,1,4.681514204,1.00713E-05
2019,SO2,Diesel,20,1,2,0.81760708,1.91901E-05
2019,SO2,Gasoline,20,1,2,2.234048185,0.00012794
2019,SO2,PHEV,20,1,2,2.507283888,3.02139E-05
2019,SO2,Diesel,20,2,3,0.651879705,3.34576E-05
2019,SO2,Gasoline,20,2,3,1.940384472,0.000213233
2019,SO2,PHEV,20,2,3,2.160972244,5.03564E-05
2019,SO2,Diesel,20,3,8,0.633506606,4.6872E-05
2019,SO2,Gasoline,20,3,8,1.886575506,0.000298526
2019,SO2,PHEV,20,3,8,2.098695085,0.000070499
2019,SO2,Diesel,20,8,1000,0.624950753,0.000160814
2019,SO2,Gasoline,20,8,1000,1.861987866,0.001023926
2019,SO2,PHEV,20,8,1000,2.070355715,0.000241808
2019,BC (exhaust),Diesel,average,0,1,0.745841473,0.001403633
2019,BC (exhaust),Diesel,average,1,2,0.40484794,0.004008206
2019,BC (exhaust),Diesel,average,2,3,0.330514678,0.005306361
2019,BC (exhaust),Diesel,average,3,4,0.323347477,0.006090258
2019,BC (exhaust),Diesel,average,4,5,0.324210036,0.006637326
2019,BC (exhaust),Diesel,average,5,6,0.333325497,0.00693718
2019,BC (exhaust),Diesel,average,6,7,0.342993604,0.007232139
2019,BC (exhaust),Diesel,average,7,8,0.353155926,0.00752351
2019,BC (exhaust),Diesel,average,8,9,0.363885442,0.007810582
2019,BC (exhaust),Diesel,average,9,10,0.375435145,0.008089926
2019,BC (exhaust),Diesel,average,10,11,0.387670158,0.008364348
2019,BC (exhaust),Diesel,average,11,12,0.40069272,0.008633047
2019,BC (exhaust),Diesel,average,12,1000,0.407542998,0.008764219
2019,Benzene,Diesel,average,0,1,2.665829588,0.000438815
2019,Benzene,Gasoline,average,0,1,10.71265414,0.045917459
2019,Benzene,PHEV,average,0,1,20,0.007372391
2019,Benzene,Diesel,average,1,2,1.116409057,0.001323083
2019,Benzene,Gasoline,average,1,2,10.19656948,0.1158453
2019,Benzene,PHEV,average,1,2,20,0.018627368
2019,Benzene,Diesel,average,2,3,0.875286388,0.001815498
2019,Benzene,Gasoline,average,2,3,10.16909766,0.146860465
2019,Benzene,PHEV,average,2,3,20,0.023632371
2019,Benzene,Diesel,average,3,4,0.836292239,0.002103866
2019,Benzene,Gasoline,average,3,4,10.10037286,0.167918026
2019,Benzene,PHEV,average,3,4,20,0.027025428
2019,Benzene,Diesel,average,4,5,0.818246466,0.002307887
2019,Benzene,Gasoline,average,4,5,10.05578218,0.18302922
2019,Benzene,PHEV,average,4,5,20,0.029459887
2019,Benzene,Diesel,average,5,6,0.818249957,0.002423501
2019,Benzene,Gasoline,average,5,6,10.05580767,0.192198545
2019,Benzene,PHEV,average,5,6,20,0.030935759
2019,Benzene,Diesel,average,6,7,0.81825012,0.00253912
2019,Benzene,Gasoline,average,6,7,10.05576446,0.2013679
2019,Benzene,PHEV,average,6,7,20,0.032411629
2019,Benzene,Diesel,average,7,8,0.818245007,0.002654748
2019,Benzene,Gasoline,average,7,8,10.05576821,0.210537225
2019,Benzene,PHEV,average,7,8,20,0.033887502
2019,Benzene,Diesel,average,8,9,0.818247945,0.002770364
2019,Benzene,Gasoline,average,8,9,10.05579123,0.219706565
2019,Benzene,PHEV,average,8,9,20,0.035363376
2019,Benzene,Diesel,average,9,10,0.818249548,0.00288598
2019,Benzene,Gasoline,average,9,10,10.05579374,0.228875905
2019,Benzene,PHEV,average,9,10,20,0.036839247
2019,Benzene,Diesel,average,10,11,0.81825,0.003001596
2019,Benzene,Gasoline,average,10,11,10.05577683,0.238045245
2019,Benzene,PHEV,average,10,11,20,0.038315117
2019,Benzene,Diesel,average,11,12,0.81825127,0.003117213
2019,Benzene,Gasoline,average,11,12,10.0557771,0.247214571
2019,Benzene,PHEV,average,11,12,20,0.039790988
2019,Benzene,Diesel,average,12,1000,0.818252431,0.003175021
2019,Benzene,Gasoline,average,12,1000,10.05577899,0.251799226
2019,Benzene,PHEV,average,12,1000,20,0.040528921
2019,CH4,Diesel,average,0,1,2.665823556,0.000900133
2019,CH4,Gasoline,average,0,1,8.09006671,0.038181276
2019,CH4,PHEV,average,0,1,20,0.00592173
2019,CH4,Diesel,average,1,2,1.116410319,0.002714014
2019,CH4,Gasoline,average,1,2,7.568415579,0.095941707
2019,CH4,PHEV,average,1,2,20,0.01496207
2019,CH4,Diesel,average,2,3,0.875282866,0.003724107
2019,CH4,Gasoline,average,2,3,7.610719879,0.121376529
2019,CH4,PHEV,average,2,3,20,0.018982242
2019,CH4,Diesel,average,3,4,0.836291754,0.004315622
2019,CH4,Gasoline,average,3,4,7.606316899,0.138716411
2019,CH4,PHEV,average,3,4,20,0.02170765
2019,CH4,Diesel,average,4,5,0.81824903,0.004734119
2019,CH4,Gasoline,average,4,5,7.600985616,0.151165991
2019,CH4,PHEV,average,4,5,20,0.023663083
2019,CH4,Diesel,average,5,6,0.818249843,0.004971282
2019,CH4,Gasoline,average,5,6,7.600996169,0.158739053
2019,CH4,PHEV,average,5,6,20,0.024848548
2019,CH4,Diesel,average,6,7,0.818248979,0.005208456
2019,CH4,Gasoline,average,6,7,7.600992372,0.166312108
2019,CH4,PHEV,average,6,7,20,0.026034011
2019,CH4,Diesel,average,7,8,0.818248272,0.005445626
2019,CH4,Gasoline,average,7,8,7.6009819,0.173885192
2019,CH4,PHEV,average,7,8,20,0.027219477
2019,CH4,Diesel,average,8,9,0.818249303,0.005682787
2019,CH4,Gasoline,average,8,9,7.600986664,0.181458246
2019,CH4,PHEV,average,8,9,20,0.028404944
2019,CH4,Diesel,average,9,10,0.818251506,0.005919948
2019,CH4,Gasoline,average,9,10,7.600998932,0.189031308
2019,CH4,PHEV,average,9,10,20,0.029590408
2019,CH4,Diesel,average,10,11,0.81825019,0.006157122
2019,CH4,Gasoline,average,10,11,7.601002936,0.196604362
2019,CH4,PHEV,average,10,11,20,0.030775873
2019,CH4,Diesel,average,11,12,0.818249692,0.006394294
2019,CH4,Gasoline,average,11,12,7.600993513,0.20417743
2019,CH4,PHEV,average,11,12,20,0.031961338
2019,CH4,Diesel,average,12,1000,0.8182484,0.006512884
2019,CH4,Gasoline,average,12,1000,7.600988748,0.207963958
2019,CH4,PHEV,average,12,1000,20,0.032554067
2019,CO,Diesel,average,0,1,6.260279739,0.248787748
2019,CO,Gasoline,average,0,1,20,2.238988799
2019,CO,PHEV,average,0,1,20,0.448785598
2019,CO,Diesel,average,1,2,3.14331429,0.696766329
2019,CO,Gasoline,average,1,2,7.070276234,6.223390722
2019,CO,PHEV,average,1,2,7.564132276,1.247389101
2019,CO,Diesel,average,2,3,2.544713717,1.016302086
2019,CO,Gasoline,average,2,3,5.409585266,8.968148723
2019,CO,PHEV,average,2,3,5.683715483,1.797379733
2019,CO,Diesel,average,3,4,2.433248523,1.336028419
2019,CO,Gasoline,average,3,4,5.120737916,11.74570066
2019,CO,PHEV,average,3,4,5.36438139,2.353954996
2019,CO,Diesel,average,4,5,2.381463556,1.54944898
2019,CO,Gasoline,average,4,5,4.991418248,13.5953936
2019,CO,PHEV,average,4,5,5.222473406,2.724589016
2019,CO,Diesel,average,5,6,2.381467215,1.654378637
2019,CO,Gasoline,average,5,6,4.991416452,14.51608862
2019,CO,PHEV,average,5,6,5.222475683,2.909100872
2019,CO,Diesel,average,6,7,2.381464328,1.759307707
2019,CO,Gasoline,average,6,7,4.991418544,15.43678285
2019,CO,PHEV,average,6,7,5.222450656,3.093614755
2019,CO,Diesel,average,7,8,2.3814594,1.864239556
2019,CO,Gasoline,average,7,8,4.991416815,16.35747691
2019,CO,PHEV,average,7,8,5.222476442,3.278125003
2019,CO,Diesel,average,8,9,2.381459511,1.969169973
2019,CO,Gasoline,average,8,9,4.99142232,17.27816956
2019,CO,PHEV,average,8,9,5.22247615,3.462636872
2019,CO,Diesel,average,9,10,2.381459045,2.074100417
2019,CO,Gasoline,average,9,10,4.991417013,18.19886656
2019,CO,PHEV,average,9,10,5.222474067,3.647149104
2019,CO,Diesel,average,10,11,2.381459392,2.179030666
2019,CO,Gasoline,average,10,11,4.991417977,19.11955964
2019,CO,PHEV,average,10,11,5.222474284,3.831661184
2019,CO,Diesel,average,11,12,2.381459008,2.283961159
2019,CO,Gasoline,average,11,12,4.991419604,20.04025333
2019,CO,PHEV,average,11,12,5.222474481,4.016173393
2019,CO,Diesel,average,12,1000,2.381459893,2.336426086
2019,CO,Gasoline,average,12,1000,4.991418842,20.50059989
2019,CO,PHEV,average,12,1000,5.222472142,4.108429314
2019,CO2_WTW,Diesel,average,0,1,1.021674735,10.94180752
2019,CO2_WTW,Gasoline,average,0,1,2.110748001,14.30627821
2019,CO2_WTW,PHEV,average,0,1,2.185077874,2.768920739
2019,CO2_WTW,Diesel,average,1,2,0.337354079,48.88113452
2019,CO2_WTW,Gasoline,average,1,2,1.004010394,47.29959533
2019,CO2_WTW,PHEV,average,1,2,1.031488858,9.201000709
2019,CO2_WTW,Diesel,average,2,3,0.28666545,83.97969525
2019,CO2_WTW,Gasoline,average,2,3,0.835958287,80.0531192
2019,CO2_WTW,PHEV,average,2,3,0.856361173,15.67136112
2019,CO2_WTW,Diesel,average,3,4,0.277183329,118.181654
2019,CO2_WTW,Gasoline,average,3,4,0.784684071,113.1521418
2019,CO2_WTW,PHEV,average,3,4,0.807273488,22.1528235
2019,CO2_WTW,Diesel,average,4,5,0.27272348,152.3315423
2019,CO2_WTW,Gasoline,average,4,5,0.754039806,146.6486811
2019,CO2_WTW,PHEV,average,4,5,0.778928428,28.68925513
2019,CO2_WTW,Diesel,average,5,6,0.27259496,186.2112891
2019,CO2_WTW,Gasoline,average,5,6,0.738217324,180.3405006
2019,CO2_WTW,PHEV,average,5,6,0.766050442,35.22683785
2019,CO2_WTW,Diesel,average,6,7,0.272503804,220.0924603
2019,CO2_WTW,Gasoline,average,6,7,0.727167325,214.1008998
2019,CO2_WTW,PHEV,average,6,7,0.757076664,41.77238358
2019,CO2_WTW,Diesel,average,7,8,0.272437759,253.9732364
2019,CO2_WTW,Gasoline,average,7,8,0.719015306,247.9043959
2019,CO2_WTW,PHEV,average,7,8,0.750466427,48.32294272
2019,CO2_WTW,Diesel,average,8,9,0.27238496,287.8559537
2019,CO2_WTW,Gasoline,average,8,9,0.712751666,281.7374456
2019,CO2_WTW,PHEV,average,8,9,0.745390386,54.87696221
2019,CO2_WTW,Diesel,average,9,10,0.272349877,321.7314716
2019,CO2_WTW,Gasoline,average,9,10,0.707783509,315.5927618
2019,CO2_WTW,PHEV,average,9,10,0.741368725,61.43356839
2019,CO2_WTW,Diesel,average,10,11,0.272315134,355.615486
2019,CO2_WTW,Gasoline,average,10,11,0.703758483,349.4610294
2019,CO2_WTW,PHEV,average,10,11,0.738113462,67.9914462
2019,CO2_WTW,Diesel,average,11,12,0.272288036,389.4968939
2019,CO2_WTW,Gasoline,average,11,12,0.700420589,383.3422538
2019,CO2_WTW,PHEV,average,11,12,0.73541456,74.55092004
2019,CO2_WTW,Diesel,average,12,1000,0.272280356,406.5938251
2019,CO2_WTW,Gasoline,average,12,1000,0.698929916,400.4526262
2019,CO2_WTW,PHEV,average,12,1000,0.734213404,77.86281256
2019,CO2e,Diesel,average,0,1,1.022427333,9.044696438
2019,CO2e,Gasoline,average,0,1,2.139826957,12.15122321
2019,CO2e,PHEV,average,0,1,2.209442,2.346683943
2019,CO2e,Diesel,average,1,2,0.337796556,40.38012593
2019,CO2e,Gasoline,average,1,2,1.037597278,39.66060527
2019,CO2e,PHEV,average,1,2,1.059270395,7.717942709
2019,CO2e,Diesel,average,2,3,0.28695802,69.38035883
2019,CO2e,Gasoline,average,2,3,0.864704129,66.78326429
2019,CO2e,PHEV,average,2,3,0.879971004,13.09159765
2019,CO2e,Diesel,average,3,4,0.277416119,97.64177196
2019,CO2e,Gasoline,average,3,4,0.809095379,94.31741523
2019,CO2e,PHEV,average,3,4,0.827245655,18.49612995
2019,CO2e,Diesel,average,4,5,0.272919904,125.8608886
2019,CO2e,Gasoline,average,4,5,0.775216355,122.2287255
2019,CO2e,PHEV,average,4,5,0.79620976,23.9542299
2019,CO2e,Diesel,average,5,6,0.272760747,153.8597626
2019,CO2e,Gasoline,average,5,6,0.756611461,150.379763
2019,CO2e,PHEV,average,5,6,0.781029287,29.42583655
2019,CO2e,Diesel,average,6,7,0.272653386,181.857182
2019,CO2e,Gasoline,average,6,7,0.743605986,178.6039512
2019,CO2e,PHEV,average,6,7,0.770434346,34.90637799
2019,CO2e,Diesel,average,7,8,0.272568466,209.8588036
2019,CO2e,Gasoline,average,7,8,0.733989884,206.8773078
2019,CO2e,PHEV,average,7,8,0.76261898,40.39257021
2019,CO2e,Diesel,average,8,9,0.272510244,237.8554433
2019,CO2e,Gasoline,average,8,9,0.726602443,235.1817374
2019,CO2e,PHEV,average,8,9,0.756622824,45.88239345
2019,CO2e,Diesel,average,9,10,0.272462109,265.8534617
2019,CO2e,Gasoline,average,9,10,0.720744134,263.509672
2019,CO2e,PHEV,average,9,10,0.751868581,51.375071
2019,CO2e,Diesel,average,10,11,0.27242752,293.8477387
2019,CO2e,Gasoline,average,10,11,0.715987614,291.853795
2019,CO2e,PHEV,average,10,11,0.748008502,56.86972933
2019,CO2e,Diesel,average,11,12,0.272391344,321.8505218
2019,CO2e,Gasoline,average,11,12,0.712039396,320.213215
2019,CO2e,PHEV,average,11,12,0.744814925,62.36580308
2019,CO2e,Diesel,average,12,1000,0.272380341,335.9802626
2019,CO2e,Gasoline,average,12,1000,0.710286987,334.5329232
2019,CO2e,PHEV,average,12,1000,0.743396015,65.14074295
2019,FC,Diesel,average,0,1,1.018069366,2.867563731
2019,FC,Gasoline,average,0,1,1.949387314,3.591717032
2019,FC,PHEV,average,0,1,2.051694408,0.703294554
2019,FC,Diesel,average,1,2,0.335147034,12.85264529
2019,FC,Gasoline,average,1,2,0.815039818,13.00298895
2019,FC,PHEV,average,1,2,0.877680164,2.501872073
2019,FC,Diesel,average,2,3,0.285268862,22.06779732
2019,FC,Gasoline,average,2,3,0.675894448,22.66679128
2019,FC,PHEV,average,2,3,0.726646622,4.361630172
2019,FC,Diesel,average,3,4,0.27608987,31.04539054
2019,FC,Gasoline,average,3,4,0.650033688,32.02330426
2019,FC,PHEV,average,3,4,0.698350373,6.164216909
2019,FC,Diesel,average,4,5,0.271817363,40.007998
2019,FC,Gasoline,average,4,5,0.638009511,41.35521861
2019,FC,PHEV,average,4,5,0.685195216,7.961992875
2019,FC,Diesel,average,5,6,0.271813322,48.89924316
2019,FC,Gasoline,average,5,6,0.638011653,50.54510954
2019,FC,PHEV,average,5,6,0.685196026,9.731316259
2019,FC,Diesel,average,6,7,0.271848679,57.78405013
2019,FC,Gasoline,average,6,7,0.638011749,59.73512025
2019,FC,PHEV,average,6,7,0.685195934,11.50064817
2019,FC,Diesel,average,7,8,0.271838936,66.6758439
2019,FC,Gasoline,average,7,8,0.638011809,68.9251394
2019,FC,PHEV,average,7,8,0.685195866,13.26997892
2019,FC,Diesel,average,8,9,0.271827595,75.56847125
2019,FC,Gasoline,average,8,9,0.638012169,78.1151294
2019,FC,PHEV,average,8,9,0.685194491,15.03933219
2019,FC,Diesel,average,9,10,0.271813117,84.46231247
2019,FC,Gasoline,average,9,10,0.638003369,87.30596131
2019,FC,PHEV,average,9,10,0.685195548,16.80864619
2019,FC,Diesel,average,10,11,0.271849855,93.34316416
2019,FC,Gasoline,average,10,11,0.638002692,96.49615626
2019,FC,PHEV,average,10,11,0.685196182,18.57796532
2019,FC,Diesel,average,11,12,0.271839909,102.2360222
2019,FC,Gasoline,average,11,12,0.638007111,105.6858218
2019,FC,PHEV,average,11,12,0.685195364,20.34731176
2019,FC,Diesel,average,12,1000,0.271811296,106.7323796
2019,FC,Gasoline,average,12,1000,0.638007161,110.3249768
2019,FC,PHEV,average,12,1000,0.685195275,21.24047187
2019,FC_MJ,Diesel,average,0,1,1.018068984,0.123190565
2019,FC_MJ,Gasoline,average,0,1,1.949387431,0.156393985
2019,FC_MJ,PHEV,average,0,1,2.051689319,0.030623579
2019,FC_MJ,Diesel,average,1,2,0.335148689,0.552147429
2019,FC_MJ,Gasoline,average,1,2,0.815041327,0.566188531
2019,FC_MJ,PHEV,average,1,2,0.877683245,0.108938805
2019,FC_MJ,Diesel,average,2,3,0.28526553,0.948041451
2019,FC_MJ,Gasoline,average,2,3,0.67589369,0.986979981
2019,FC_MJ,PHEV,average,2,3,0.726645618,0.189918562
2019,FC_MJ,Diesel,average,3,4,0.276085884,1.333725759
2019,FC_MJ,Gasoline,average,3,4,0.650024345,1.394402967
2019,FC_MJ,PHEV,average,3,4,0.698351352,0.268408298
2019,FC_MJ,Diesel,average,4,5,0.271814753,1.718756494
2019,FC_MJ,Gasoline,average,4,5,0.638002781,1.800741796
2019,FC_MJ,PHEV,average,4,5,0.685195817,0.346688839
2019,FC_MJ,Diesel,average,5,6,0.271810714,2.100720961
2019,FC_MJ,Gasoline,average,5,6,0.638012221,2.200885314
2019,FC_MJ,PHEV,average,5,6,0.685196008,0.423730704
2019,FC_MJ,Diesel,average,6,7,0.271815299,2.482643953
2019,FC_MJ,Gasoline,average,6,7,0.638008319,2.601054667
2019,FC_MJ,PHEV,average,6,7,0.68519603,0.500772656
2019,FC_MJ,Diesel,average,7,8,0.271809884,2.864630578
2019,FC_MJ,Gasoline,average,7,8,0.638012143,3.00120698
2019,FC_MJ,PHEV,average,7,8,0.685195916,0.577814691
2019,FC_MJ,Diesel,average,8,9,0.271842143,3.246282104
2019,FC_MJ,Gasoline,average,8,9,0.638002888,3.401400414
2019,FC_MJ,PHEV,average,8,9,0.685195501,0.654856915
2019,FC_MJ,Diesel,average,9,10,0.271837548,3.628247361
2019,FC_MJ,Gasoline,average,9,10,0.638008619,3.801544328
2019,FC_MJ,PHEV,average,9,10,0.685196206,0.731898407
2019,FC_MJ,Diesel,average,10,11,0.271810592,4.010470279
2019,FC_MJ,Gasoline,average,10,11,0.638010045,4.201696708
2019,FC_MJ,PHEV,average,10,11,0.685195259,0.808941089
2019,FC_MJ,Diesel,average,11,12,0.271809194,4.392439823
2019,FC_MJ,Gasoline,average,11,12,0.638009828,4.601864903
2019,FC_MJ,PHEV,average,11,12,0.685195872,0.885982549
2019,FC_MJ,Diesel,average,12,1000,0.271814049,4.585195636
2019,FC_MJ,Gasoline,average,12,1000,0.638008963,4.803864579
2019,FC_MJ,PHEV,average,12,1000,0.685195965,0.924873308
2019,HC,Diesel,average,0,1,2.665815989,0.037505584
2019,HC,Gasoline,average,0,1,9.421397594,0.682031512
2019,HC,PHEV,average,0,1,20,0.108258328
2019,HC,Diesel,average,1,2,1.116407593,0.113084109
2019,HC,Gasoline,average,1,2,8.904415678,1.718388796
2019,HC,PHEV,average,1,2,20,0.273529629
2019,HC,Diesel,average,2,3,0.875285857,0.155170839
2019,HC,Gasoline,average,2,3,8.923018,2.176950664
2019,HC,PHEV,average,2,3,20,0.347024569
2019,HC,Diesel,average,3,4,0.83629359,0.179817379
2019,HC,Gasoline,average,3,4,8.895878206,2.488710405
2019,HC,PHEV,average,3,4,20,0.396849163
2019,HC,Diesel,average,4,5,0.818247393,0.197255169
2019,HC,Gasoline,average,4,5,8.876373588,2.712468863
2019,HC,PHEV,average,4,5,20,0.432597473
2019,HC,Diesel,average,5,6,0.818249802,0.207136882
2019,HC,Gasoline,average,5,6,8.876336825,2.848357677
2019,HC,PHEV,average,5,6,20,0.454269588
2019,HC,Diesel,average,6,7,0.818251892,0.217018438
2019,HC,Gasoline,average,6,7,8.876356819,2.984245539
2019,HC,PHEV,average,6,7,20,0.475941718
2019,HC,Diesel,average,7,8,0.81824683,0.226901234
2019,HC,Gasoline,average,7,8,8.876362619,3.120134115
2019,HC,PHEV,average,7,8,20,0.497613848
2019,HC,Diesel,average,8,9,0.818247976,0.236783183
2019,HC,Gasoline,average,8,9,8.876343142,3.256022692
2019,HC,PHEV,average,8,9,20,0.519285993
2019,HC,Diesel,average,9,10,0.818250728,0.246664714
2019,HC,Gasoline,average,9,10,8.876372404,3.391910553
2019,HC,PHEV,average,9,10,20,0.540958078
2019,HC,Diesel,average,10,11,0.818249396,0.256546784
2019,HC,Gasoline,average,10,11,8.876376934,3.527799129
2019,HC,PHEV,average,10,11,20,0.562630222
2019,HC,Diesel,average,11,12,0.818246703,0.266429415
2019,HC,Gasoline,average,11,12,8.876369957,3.663687468
2019,HC,PHEV,average,11,12,20,0.584302367
2019,HC,Diesel,average,12,1000,0.818248527,0.271370125
2019,HC,Gasoline,average,12,1000,8.876366723,3.731631756
2019,HC,PHEV,average,12,1000,20,0.59513844
2019,NMHC,Diesel,average,0,1,2.665816581,0.036605465
2019,NMHC,Gasoline,average,0,1,9.536797726,0.643850446
2019,NMHC,PHEV,average,0,1,20,0.102336599
2019,NMHC,Diesel,average,1,2,1.116410004,0.110370003
2019,NMHC,Gasoline,average,1,2,9.019999008,1.622447968
2019,NMHC,PHEV,average,1,2,20,0.25856754
2019,NMHC,Diesel,average,2,3,0.875285593,0.151446766
2019,NMHC,Gasoline,average,2,3,9.035889446,2.055572271
2019,NMHC,PHEV,average,2,3,20,0.328042324
2019,NMHC,Diesel,average,3,4,0.836294537,0.17550166
2019,NMHC,Gasoline,average,3,4,9.005480191,2.349995816
2019,NMHC,PHEV,average,3,4,20,0.375141524
2019,NMHC,Diesel,average,4,5,0.818249755,0.192520691
2019,NMHC,Gasoline,average,4,5,8.984323885,2.561306826
2019,NMHC,PHEV,average,4,5,20,0.408934384
2019,NMHC,Diesel,average,5,6,0.818247616,0.202165881
2019,NMHC,Gasoline,average,5,6,8.984349482,2.689622139
2019,NMHC,PHEV,average,5,6,20,0.42942104
2019,NMHC,Diesel,average,6,7,0.818249653,0.211810458
2019,NMHC,Gasoline,average,6,7,8.984326341,2.817937945
2019,NMHC,PHEV,average,6,7,20,0.449907695
2019,NMHC,Diesel,average,7,8,0.818252305,0.221454835
2019,NMHC,Gasoline,average,7,8,8.984323297,2.946253346
2019,NMHC,PHEV,average,7,8,20,0.470394352
2019,NMHC,Diesel,average,8,9,0.818251551,0.231099804
2019,NMHC,Gasoline,average,8,9,8.984317604,3.074568903
2019,NMHC,PHEV,average,8,9,20,0.490881022
2019,NMHC,Diesel,average,9,10,0.818250984,0.240744641
2019,NMHC,Gasoline,average,9,10,8.984325287,3.202884466
2019,NMHC,PHEV,average,9,10,20,0.511367693
2019,NMHC,Diesel,average,10,11,0.818249855,0.250389785
2019,NMHC,Gasoline,average,10,11,8.984344712,3.331199795
2019,NMHC,PHEV,average,10,11,20,0.531854334
2019,NMHC,Diesel,average,11,12,0.818250348,0.260034341
2019,NMHC,Gasoline,average,11,12,8.984326782,3.45951511
2019,NMHC,PHEV,average,11,12,20,0.552341005
2019,NMHC,Diesel,average,12,1000,0.818246853,0.264857413
2019,NMHC,Gasoline,average,12,1000,8.984323403,3.5236729
2019,NMHC,PHEV,average,12,1000,20,0.562584266
2019,NO2,Diesel,average,0,1,0.941233492,0.090392945
2019,NO2,Gasoline,average,0,1,2.093676682,0.009264426
2019,NO2,PHEV,average,0,1,3.556057093,0.003096548
2019,NO2,Diesel,average,1,2,0.481671365,0.231944737
2019,NO2,Gasoline,average,1,2,1.68883229,0.017314246
2019,NO2,PHEV,average,1,2,2.419002396,0.006216532
2019,NO2,Diesel,average,2,3,0.41666766,0.282076492
2019,NO2,Gasoline,average,2,3,1.517529169,0.01832505
2019,NO2,PHEV,average,2,3,2.077718036,0.006704653
2019,NO2,Diesel,average,3,4,0.41666766,0.282076492
2019,NO2,Gasoline,average,3,4,1.517528771,0.018983693
2019,NO2,PHEV,average,3,4,2.077717362,0.006945634
2019,NO2,Diesel,average,4,5,0.418410107,0.281844483
2019,NO2,Gasoline,average,4,5,1.522499879,0.019012985
2019,NO2,PHEV,average,4,5,2.086984737,0.006952836
2019,NO2,Diesel,average,5,6,0.421934286,0.281377435
2019,NO2,Gasoline,average,5,6,1.532535334,0.018413135
2019,NO2,PHEV,average,5,6,2.105798782,0.00672658
2019,NO2,Diesel,average,6,7,0.425519243,0.280904357
2019,NO2,Gasoline,average,6,7,1.542653756,0.017813503
2019,NO2,PHEV,average,6,7,2.12490135,0.006500758
2019,NO2,Diesel,average,7,8,0.429165157,0.280425983
2019,NO2,Gasoline,average,7,8,1.552855722,0.017214056
2019,NO2,PHEV,average,7,8,2.144292631,0.006275374
2019,NO2,Diesel,average,8,9,0.432873856,0.279941911
2019,NO2,Gasoline,average,8,9,1.563139826,0.016614767
2019,NO2,PHEV,average,8,9,2.164008659,0.006050403
2019,NO2,Diesel,average,9,10,0.436652868,0.279448791
2019,NO2,Gasoline,average,9,10,1.57351678,0.016015553
2019,NO2,PHEV,average,9,10,2.184046269,0.005825854
2019,NO2,Diesel,average,10,11,0.440489352,0.278954678
2019,NO2,Gasoline,average,10,11,1.583987352,0.015416421
2019,NO2,PHEV,average,10,11,2.204417044,0.005601716
2019,NO2,Diesel,average,11,12,0.444432625,0.278437078
2019,NO2,Gasoline,average,11,12,1.594543973,0.01481735
2019,NO2,PHEV,average,11,12,2.225138784,0.005377978
2019,NO2,Diesel,average,12,1000,0.446421259,0.27817856
2019,NO2,Gasoline,average,12,1000,1.599881303,0.014517839
2019,NO2,PHEV,average,12,1000,2.235674515,0.005266264
2019,NOx,Diesel,average,0,1,0.955526117,0.104323023
2019,NOx,Gasoline,average,0,1,3.259364316,0.267868951
2019,NOx,PHEV,average,0,1,3.556059154,0.061930948
2019,NOx,Diesel,average,1,2,0.488303908,0.267791129
2019,NOx,Gasoline,average,1,2,2.177193929,0.542560807
2019,NOx,PHEV,average,1,2,2.4190035,0.124330621
2019,NOx,Diesel,average,2,3,0.422184475,0.325790903
2019,NOx,Gasoline,average,2,3,1.862043509,0.587770533
2019,NOx,PHEV,average,2,3,2.077718262,0.134093053
2019,NOx,Diesel,average,3,4,0.422184475,0.325790903
2019,NOx,Gasoline,average,3,4,1.86204294,0.60889586
2019,NOx,PHEV,average,3,4,2.077717911,0.138912659
2019,NOx,Diesel,average,4,5,0.424001715,0.325494301
2019,NOx,Gasoline,average,4,5,1.870463768,0.609463754
2019,NOx,PHEV,average,4,5,2.086984011,0.139056721
2019,NOx,Diesel,average,5,6,0.427580078,0.324951682
2019,NOx,Gasoline,average,5,6,1.887573971,0.589504778
2019,NOx,PHEV,average,5,6,2.105798555,0.134531604
2019,NOx,Diesel,average,6,7,0.431224605,0.324398768
2019,NOx,Gasoline,average,6,7,1.904975535,0.569588105
2019,NOx,PHEV,average,6,7,2.124901659,0.130015157
2019,NOx,Diesel,average,7,8,0.434929606,0.323841128
2019,NOx,Gasoline,average,7,8,1.922675111,0.549714413
2019,NOx,PHEV,average,7,8,2.144292906,0.125507477
2019,NOx,Diesel,average,8,9,0.438693849,0.323279496
2019,NOx,Gasoline,average,8,9,1.940669778,0.529884348
2019,NOx,PHEV,average,8,9,2.164007915,0.121008062
2019,NOx,Diesel,average,9,10,0.442507834,0.322719463
2019,NOx,Gasoline,average,9,10,1.958992928,0.510096479
2019,NOx,PHEV,average,9,10,2.184045126,0.116517095
2019,NOx,Diesel,average,10,11,0.446439904,0.322124381
2019,NOx,Gasoline,average,10,11,1.977649739,0.490350669
2019,NOx,PHEV,average,10,11,2.204418102,0.112034312
2019,NOx,Diesel,average,11,12,0.450415897,0.321536356
2019,NOx,Gasoline,average,11,12,1.996634874,0.47064801
2019,NOx,PHEV,average,11,12,2.22514139,0.107559511
2019,NOx,Diesel,average,12,1000,0.45242672,0.321240784
2019,NOx,Gasoline,average,12,1000,2.006296785,0.460812793
2019,NOx,PHEV,average,12,1000,2.235675695,0.105325246
2019,Pb,Gasoline,average,0,1,1.949391625,3.57735E-06
2019,Pb,PHEV,average,0,1,2.051689152,7.00482E-07
2019,Pb,Gasoline,average,1,2,0.815041739,1.2951E-05
2019,Pb,PHEV,average,1,2,0.877679249,2.49187E-06
2019,Pb,Gasoline,average,2,3,0.675891329,2.25762E-05
2019,Pb,PHEV,average,2,3,0.726660314,4.34413E-06
2019,Pb,Gasoline,average,3,4,0.650032721,3.18953E-05
2019,Pb,PHEV,average,3,4,0.698353861,6.13954E-06
2019,Pb,Gasoline,average,4,5,0.638009326,4.11897E-05
2019,Pb,PHEV,average,4,5,0.68519094,7.93018E-06
2019,Pb,Gasoline,average,5,6,0.638012227,5.03429E-05
2019,Pb,PHEV,average,5,6,0.685196724,9.69238E-06
2019,Pb,Gasoline,average,6,7,0.638001591,5.94968E-05
2019,Pb,PHEV,average,6,7,0.685196276,1.14546E-05
2019,Pb,Gasoline,average,7,8,0.637999945,6.86503E-05
2019,Pb,PHEV,average,7,8,0.685196169,1.32169E-05
2019,Pb,Gasoline,average,8,9,0.638013371,7.78027E-05
2019,Pb,PHEV,average,8,9,0.685194757,1.49792E-05
2019,Pb,Gasoline,average,9,10,0.638005897,8.69565E-05
2019,Pb,PHEV,average,9,10,0.685200412,1.67413E-05
2019,Pb,Gasoline,average,10,11,0.638002052,9.61101E-05
2019,Pb,PHEV,average,10,11,0.685206884,1.85034E-05
2019,Pb,Gasoline,average,11,12,0.638004598,0.000105263
2019,Pb,PHEV,average,11,12,0.68518726,2.02661E-05
2019,Pb,Gasoline,average,12,1000,0.638003685,0.000109884
2019,Pb,PHEV,average,12,1000,0.685187188,2.11557E-05
2019,PM2.5,Diesel,average,0,1,1.370841692,0.002354573
2019,PM2.5,Diesel,average,1,2,0.729072689,0.006744402
2019,PM2.5,Diesel,average,2,3,0.574324262,0.009151329
2019,PM2.5,Diesel,average,3,4,0.56002014,0.010528232
2019,PM2.5,Diesel,average,4,5,0.561943859,0.011467256
2019,PM2.5,Diesel,average,5,6,0.580099555,0.011950561
2019,PM2.5,Diesel,average,6,7,0.599468312,0.012421137
2019,PM2.5,Diesel,average,7,8,0.620202587,0.012877833
2019,PM2.5,Diesel,average,8,9,0.642457007,0.013319597
2019,PM2.5,Diesel,average,9,10,0.666392424,0.013745594
2019,PM2.5,Diesel,average,10,11,0.692218562,0.014154519
2019,PM2.5,Diesel,average,11,12,0.72017953,0.01454503
2019,PM2.5,Diesel,average,12,1000,0.734876074,0.014734518
2019,PN,Diesel,average,0,1,1.287609296,9.73232E+11
2019,PN,Diesel,average,1,2,0.679421263,2.81022E+12
2019,PN,Diesel,average,2,3,0.538311532,3.79907E+12
2019,PN,Diesel,average,3,4,0.525165155,4.36921E+12
2019,PN,Diesel,average,4,5,0.526938696,4.75911E+12
2019,PN,Diesel,average,5,6,0.543607356,4.96184E+12
2019,PN,Diesel,average,6,7,0.561370994,5.15957E+12
2019,PN,Diesel,average,7,8,0.58037566,5.35173E+12
2019,PN,Diesel,average,8,9,0.600707512,5.53824E+12
2019,PN,Diesel,average,9,10,0.622552129,5.71848E+12
2019,PN,Diesel,average,10,11,0.64607822,5.89202E+12
2019,PN,Diesel,average,11,12,0.671486984,6.05836E+12
2019,PN,Diesel,average,12,1000,0.684816243,6.13929E+12
2019,SO2,Diesel,average,0,1,1.018072417,1.14702E-05
2019,SO2,Gasoline,average,0,1,1.949380958,6.663E-05
2019,SO2,PHEV,average,0,1,2.051706147,1.30468E-05
2019,SO2,Diesel,average,1,2,0.335151366,5.141E-05
2019,SO2,Gasoline,average,1,2,0.815037801,0.000241219
2019,SO2,PHEV,average,1,2,0.87768162,4.64122E-05
2019,SO2,Diesel,average,2,3,0.285271635,8.82693E-05
2019,SO2,Gasoline,average,2,3,0.675888004,0.000420494
2019,SO2,PHEV,average,2,3,0.726645771,8.09127E-05
2019,SO2,Diesel,average,3,4,0.27608937,0.000124182
2019,SO2,Gasoline,average,3,4,0.65003695,0.000594062
2019,SO2,PHEV,average,3,4,0.69834782,0.000114353
2019,SO2,Diesel,average,4,5,0.271835522,0.000160024
2019,SO2,Gasoline,average,4,5,0.638017688,0.000767174
2019,SO2,PHEV,average,4,5,0.685195335,0.000147703
2019,SO2,Diesel,average,5,6,0.271814943,0.000195596
2019,SO2,Gasoline,average,5,6,0.638006864,0.000937667
2019,SO2,PHEV,average,5,6,0.685209231,0.000180523
2019,SO2,Diesel,average,6,7,0.271846532,0.000231138
2019,SO2,Gasoline,average,6,7,0.638009258,0.00110815
2019,SO2,PHEV,average,6,7,0.685204208,0.000213346
2019,SO2,Diesel,average,7,8,0.271820887,0.000266718
2019,SO2,Gasoline,average,7,8,0.638010851,0.001278633
2019,SO2,PHEV,average,7,8,0.685204603,0.000246169
2019,SO2,Diesel,average,8,9,0.271816533,0.000302281
2019,SO2,Gasoline,average,8,9,0.638011157,0.001449116
2019,SO2,PHEV,average,8,9,0.685201156,0.000278992
2019,SO2,Diesel,average,9,10,0.271810855,0.000337851
2019,SO2,Gasoline,average,9,10,0.638007428,0.001619605
2019,SO2,PHEV,average,9,10,0.685201857,0.000311815
2019,SO2,Diesel,average,10,11,0.271835694,0.000373387
2019,SO2,Gasoline,average,10,11,0.638003286,0.001790099
2019,SO2,PHEV,average,10,11,0.685200675,0.000344638
2019,SO2,Diesel,average,11,12,0.271809528,0.000408979
2019,SO2,Gasoline,average,11,12,0.638003998,0.001960583
2019,SO2,PHEV,average,11,12,0.685194104,0.000377463
2019,SO2,Diesel,average,12,1000,0.271834621,0.000426902
2019,SO2,Gasoline,average,12,1000,0.638002833,0.002046646
2019,SO2,PHEV,average,12,1000,0.685207505,0.000394028
2030,BC (exhaust),Diesel,20,0,1,1.696769662,0.000102372
2030,BC (exhaust),Diesel,20,1,2,1.13135935,0.000258656
2030,BC (exhaust),Diesel,20,2,3,0.974334029,0.000328155
2030,BC (exhaust),Diesel,20,3,8,0.957144913,0.00037527
2030,BC (exhaust),Diesel,20,8,1000,1.150469927,0.000562778
2030,Benzene,Diesel,20,0,1,2.725261165,0.000154825
2030,Benzene,Gasoline,20,0,1,13.1308764,0.011078629
2030,Benzene,PHEV,20,0,1,20,0.002901957
2030,Benzene,Diesel,20,1,2,1.623039177,0.000391187
2030,Benzene,Gasoline,20,1,2,11.90892583,0.02799169
2030,Benzene,PHEV,20,1,2,20,0.007332196
2030,Benzene,Diesel,20,2,3,1.439751392,0.000496295
2030,Benzene,Gasoline,20,2,3,11.71783588,0.035512805
2030,Benzene,PHEV,20,2,3,20,0.009302291
2030,Benzene,Diesel,20,3,8,1.402303139,0.000567552
2030,Benzene,Gasoline,20,3,8,11.68220873,0.04061161
2030,Benzene,PHEV,20,3,8,20,0.010637882
2030,Benzene,Diesel,20,8,1000,1.384496483,0.000851134
2030,Benzene,Gasoline,20,8,1000,11.66532453,0.060903575
2030,Benzene,PHEV,20,8,1000,20,0.015953198
2030,CH4,Diesel,20,0,1,2.725254923,0.00031759
2030,CH4,Gasoline,20,0,1,10.4680564,0.009026438
2030,CH4,PHEV,20,0,1,20,0.00233094
2030,CH4,Diesel,20,1,2,1.623043154,0.000802435
2030,CH4,Gasoline,20,1,2,9.246106669,0.022806544
2030,CH4,PHEV,20,1,2,20,0.005889444
2030,CH4,Diesel,20,2,3,1.439745495,0.001018042
2030,CH4,Gasoline,20,2,3,9.054956653,0.028934456
2030,CH4,PHEV,20,2,3,20,0.007471884
2030,CH4,Diesel,20,3,8,1.402303445,0.001164209
2030,CH4,Gasoline,20,3,8,9.019258877,0.033088766
2030,CH4,PHEV,20,3,8,20,0.008544672
2030,CH4,Diesel,20,8,1000,1.32282514,0.001779059
2030,CH4,Gasoline,20,8,1000,9.002410016,0.049621873
2030,CH4,PHEV,20,8,1000,20,0.012814096
2030,CO,Diesel,20,0,1,5.790475156,0.081205226
2030,CO,Gasoline,20,0,1,20,0.617641091
2030,CO,PHEV,20,0,1,20,0.163138837
2030,CO,Diesel,20,1,2,2.983504105,0.226182707
2030,CO,Gasoline,20,1,2,14.61267779,1.716739535
2030,CO,PHEV,20,1,2,16.7465846,0.453445971
2030,CO,Diesel,20,2,3,2.491180741,0.326583558
2030,CO,Gasoline,20,2,3,9.435608993,2.473211765
2030,CO,PHEV,20,2,3,9.657433654,0.653254509
2030,CO,Diesel,20,3,8,2.404165849,0.427915763
2030,CO,Gasoline,20,3,8,8.540538076,3.238669872
2030,CO,PHEV,20,3,8,8.687467135,0.855436563
2030,CO,Diesel,20,8,1000,2.364366307,0.747020594
2030,CO,Gasoline,20,8,1000,8.181786189,5.652120113
2030,CO,PHEV,20,8,1000,8.306119944,1.492906094
2030,CO2_WTW,Diesel,20,0,1,1.352039706,6.064466476
2030,CO2_WTW,Gasoline,20,0,1,4.690196123,7.943037987
2030,CO2_WTW,PHEV,20,0,1,4.747803371,1.786553979
2030,CO2_WTW,Diesel,20,1,2,0.81908612,18.18964195
2030,CO2_WTW,Gasoline,20,1,2,2.533878511,23.72229385
2030,CO2_WTW,PHEV,20,1,2,2.55934813,5.33207798
2030,CO2_WTW,Diesel,20,2,3,0.653033784,31.70300577
2030,CO2_WTW,Gasoline,20,2,3,2.178428997,39.31024551
2030,CO2_WTW,PHEV,20,2,3,2.198027865,8.828199387
2030,CO2_WTW,Diesel,20,3,8,0.634559163,44.40778247
2030,CO2_WTW,Gasoline,20,3,8,2.110588693,54.84885406
2030,CO2_WTW,PHEV,20,3,8,2.128464315,12.31157875
2030,CO2_WTW,Diesel,20,8,1000,0.625831547,152.3049386
2030,CO2_WTW,Gasoline,20,8,1000,2.068357776,186.5317078
2030,CO2_WTW,PHEV,20,8,1000,2.083291625,41.81568146
2030,CO2e,Diesel,20,0,1,1.352247955,5.013223648
2030,CO2e,Gasoline,20,0,1,4.700394076,6.706713676
2030,CO2e,PHEV,20,0,1,4.760197169,1.509683371
2030,CO2e,Diesel,20,1,2,0.819189018,15.03591347
2030,CO2e,Gasoline,20,1,2,2.542108903,20.01332092
2030,CO2e,PHEV,20,1,2,2.569156996,4.501465797
2030,CO2e,Diesel,20,2,3,0.653107717,26.20461005
2030,CO2e,Gasoline,20,2,3,2.18432609,33.12862396
2030,CO2e,PHEV,20,2,3,2.205048629,7.443846226
2030,CO2e,Diesel,20,3,8,0.634618123,36.70481545
2030,CO2e,Gasoline,20,3,8,2.115333357,46.19458389
2030,CO2e,PHEV,20,3,8,2.134113422,10.37348461
2030,CO2e,Diesel,20,8,1000,0.625856879,125.8765564
2030,CO2e,Gasoline,20,8,1000,2.070424469,156.848053
2030,CO2e,PHEV,20,8,1000,2.085753171,35.16812515
2030,FC,Diesel,20,0,1,1.351046916,1.588979006
2030,FC,Gasoline,20,0,1,4.635765459,2.057476997
2030,FC,PHEV,20,0,1,4.68154206,0.460765034
2030,FC,Diesel,20,1,2,0.818595359,4.766937256
2030,FC,Gasoline,20,1,2,2.4902453,6.172431469
2030,FC,PHEV,20,1,2,2.507292205,1.382295132
2030,FC,Diesel,20,2,3,0.652679396,8.310969714
2030,FC,Gasoline,20,2,3,2.147320204,10.28738403
2030,FC,PHEV,20,2,3,2.160970036,2.30382514
2030,FC,Diesel,20,3,8,0.634278554,11.64321672
2030,FC,Gasoline,20,3,8,2.085596124,14.40233898
2030,FC,PHEV,20,3,8,2.098697647,3.225355148
2030,FC,Diesel,20,8,1000,0.625710613,39.94714257
2030,FC,Gasoline,20,8,1000,2.057501709,49.39920807
2030,FC,PHEV,20,8,1000,2.070361013,11.06278515
2030,FC_MJ,Diesel,20,0,1,1.351046773,0.06826254
2030,FC_MJ,Gasoline,20,0,1,4.635767567,0.089588709
2030,FC_MJ,PHEV,20,0,1,4.681543088,0.020063089
2030,FC_MJ,Diesel,20,1,2,0.818595388,0.204787612
2030,FC_MJ,Gasoline,20,1,2,2.490245021,0.268766195
2030,FC_MJ,PHEV,20,1,2,2.507292014,0.060189277
2030,FC_MJ,Diesel,20,2,3,0.652679602,0.357039208
2030,FC_MJ,Gasoline,20,2,3,2.14732061,0.447943568
2030,FC_MJ,PHEV,20,2,3,2.160969864,0.100315459
2030,FC_MJ,Diesel,20,3,8,0.634278571,0.500192566
2030,FC_MJ,Gasoline,20,3,8,2.085595786,0.627121091
2030,FC_MJ,PHEV,20,3,8,2.098697621,0.140441641
2030,FC_MJ,Diesel,20,8,1000,0.625710636,1.716129233
2030,FC_MJ,Gasoline,20,8,1000,2.057502253,2.150989532
2030,FC_MJ,PHEV,20,8,1000,2.070360636,0.481706858
2030,HC,Diesel,20,0,1,2.725258058,0.013232915
2030,HC,Gasoline,20,0,1,11.82606471,0.163445666
2030,HC,PHEV,20,0,1,20,0.042613175
2030,HC,Diesel,20,1,2,1.623043214,0.033434786
2030,HC,Gasoline,20,1,2,10.60413397,0.412968069
2030,HC,PHEV,20,1,2,20,0.107668072
2030,HC,Diesel,20,2,3,1.439747519,0.042418409
2030,HC,Gasoline,20,2,3,10.41305394,0.523928821
2030,HC,PHEV,20,2,3,20,0.136597529
2030,HC,Diesel,20,3,8,1.340798034,0.049417005
2030,HC,Gasoline,20,3,8,10.37731585,0.599152803
2030,HC,PHEV,20,3,8,20,0.156209722
2030,HC,Diesel,20,8,1000,1.322825304,0.074127465
2030,HC,Gasoline,20,8,1000,10.36051045,0.898525
2030,HC,PHEV,20,8,1000,20,0.234261364
2030,NMHC,Diesel,20,0,1,2.725258371,0.012915325
2030,NMHC,Gasoline,20,0,1,11.94297884,0.154419243
2030,NMHC,PHEV,20,0,1,20,0.040282235
2030,NMHC,Diesel,20,1,2,1.623043137,0.032632351
2030,NMHC,Gasoline,20,1,2,10.72108603,0.390161514
2030,NMHC,PHEV,20,1,2,20,0.101778634
2030,NMHC,Diesel,20,2,3,1.439747595,0.041400366
2030,NMHC,Gasoline,20,2,3,10.52999927,0.494994402
2030,NMHC,PHEV,20,2,3,20,0.12912564
2030,NMHC,Diesel,20,3,8,1.402303797,0.047344495
2030,NMHC,Gasoline,20,3,8,10.49431043,0.566064
2030,NMHC,PHEV,20,3,8,20,0.147665054
2030,NMHC,Diesel,20,8,1000,1.322825232,0.072348408
2030,NMHC,Gasoline,20,8,1000,10.47747347,0.84890312
2030,NMHC,PHEV,20,8,1000,20,0.221447244
2030,NO2,Diesel,20,0,1,0.488719919,-0.00853238
2030,NO2,Gasoline,20,0,1,7.189510706,0.008020115
2030,NO2,PHEV,20,0,1,20,0.00231574
2030,NO2,Diesel,20,1,2,0.346065836,-0.016883884
2030,NO2,Gasoline,20,1,2,7.030359077,0.015756216
2030,NO2,PHEV,20,1,2,20,0.004549472
2030,NO2,Diesel,20,2,3,0.304862156,-0.019601538
2030,NO2,Gasoline,20,2,3,6.990756786,0.016725181
2030,NO2,PHEV,20,2,3,20,0.004829252
2030,NO2,Diesel,20,3,8,0.304862156,-0.019601538
2030,NO2,Gasoline,20,3,8,6.990757101,0.01732632
2030,NO2,PHEV,20,3,8,20,0.005002826
2030,NO2,Diesel,20,8,1000,0.325095776,-0.01972774
2030,NO2,Gasoline,20,8,1000,7.009111623,0.013237969
2030,NO2,PHEV,20,8,1000,20,0.00382235
2030,NOx,Diesel,20,0,1,0.832121596,0.104958045
2030,NOx,Gasoline,20,0,1,11.42072637,0.160402298
2030,NOx,PHEV,20,0,1,20,0.046314795
2030,NOx,Diesel,20,1,2,0.591033134,0.213770415
2030,NOx,Gasoline,20,1,2,10.31677499,0.315124303
2030,NOx,PHEV,20,1,2,20,0.090989441
2030,NOx,Diesel,20,2,3,0.530955032,0.251698067
2030,NOx,Gasoline,20,2,3,10.03448506,0.334503561
2030,NOx,PHEV,20,2,3,20,0.09658505
2030,NOx,Diesel,20,3,8,0.530955032,0.251698067
2030,NOx,Gasoline,20,3,8,10.03445275,0.346526384
2030,NOx,PHEV,20,3,8,20,0.100056522
2030,NOx,Diesel,20,8,1000,0.559834456,0.25189069
2030,NOx,Gasoline,20,8,1000,10.16431482,0.264759362
2030,NOx,PHEV,20,8,1000,20,0.076447003
2030,Pb,Gasoline,20,0,1,4.635785602,2.04925E-06
2030,Pb,PHEV,20,0,1,4.681550066,4.58922E-07
2030,Pb,Gasoline,20,1,2,2.490253404,6.14774E-06
2030,Pb,PHEV,20,1,2,2.507279048,1.37677E-06
2030,Pb,Gasoline,20,2,3,2.147329805,1.02462E-05
2030,Pb,PHEV,20,2,3,2.160962925,2.29461E-06
2030,Pb,Gasoline,20,3,8,2.085603298,1.43447E-05
2030,Pb,PHEV,20,3,8,2.098705579,3.21245E-06
2030,Pb,Gasoline,20,8,1000,2.057503815,4.92016E-05
2030,Pb,PHEV,20,8,1000,2.070370081,1.10185E-05
2030,PM2.5,Diesel,20,0,1,2.131862225,0.000556351
2030,PM2.5,Diesel,20,1,2,1.395481165,0.001417118
2030,PM2.5,Diesel,20,2,3,1.201337667,0.001801515
2030,PM2.5,Diesel,20,3,8,1.179583133,0.00206086
2030,PM2.5,Diesel,20,8,1000,1.417759266,0.003084046
2030,PN,Diesel,20,0,1,1.429522335,81877647360
2030,PN,Diesel,20,1,2,0.955598486,2.06875E+11
2030,PN,Diesel,20,2,3,0.825254428,2.6276E+11
2030,PN,Diesel,20,3,8,0.810473948,3.00606E+11
2030,PN,Diesel,20,8,1000,0.969704174,4.50114E+11
2030,SO2,Diesel,20,0,1,1.351044998,6.35592E-06
2030,SO2,Gasoline,20,0,1,4.635764185,3.81683E-05
2030,SO2,PHEV,20,0,1,4.681547463,8.54765E-06
2030,SO2,Diesel,20,1,2,0.818598171,1.90677E-05
2030,SO2,Gasoline,20,1,2,2.490231742,0.000114505
2030,SO2,PHEV,20,1,2,2.507281795,0.000025643
2030,SO2,Diesel,20,2,3,0.722157089,3.17796E-05
2030,SO2,Gasoline,20,2,3,2.147314785,0.000190841
2030,SO2,PHEV,20,2,3,2.160971197,4.27383E-05
2030,SO2,Diesel,20,3,8,0.702131875,4.44914E-05
2030,SO2,Gasoline,20,3,8,2.085595906,0.000267178
2030,SO2,PHEV,20,3,8,2.098695085,5.98336E-05
2030,SO2,Diesel,20,8,1000,0.692737169,0.000152603
2030,SO2,Gasoline,20,8,1000,2.057498863,0.000916405
2030,SO2,PHEV,20,8,1000,2.070364557,0.000205226
2030,BC (exhaust),Diesel,average,0,1,1.861982586,0.000184399
2030,BC (exhaust),Diesel,average,1,2,0.919366474,0.000547523
2030,BC (exhaust),Diesel,average,2,3,0.708521881,0.000752588
2030,BC (exhaust),Diesel,average,3,4,0.689540574,0.00086688
2030,BC (exhaust),Diesel,average,4,5,0.692104326,0.00094403
2030,BC (exhaust),Diesel,average,5,6,0.716200177,0.000982314
2030,BC (exhaust),Diesel,average,6,7,0.742085963,0.001019311
2030,BC (exhaust),Diesel,average,7,8,0.769957196,0.00105494
2030,BC (exhaust),Diesel,average,8,9,0.800063838,0.001089103
2030,BC (exhaust),Diesel,average,9,10,0.832695951,0.001121688
2030,BC (exhaust),Diesel,average,10,11,0.868196737,0.001152578
2030,BC (exhaust),Diesel,average,11,12,0.906962251,0.001181653
2030,BC (exhaust),Diesel,average,12,1000,0.927482949,0.001195606
2030,Benzene,Diesel,average,0,1,2.702287671,0.00020391
2030,Benzene,Gasoline,average,0,1,13.45673433,0.027589146
2030,Benzene,PHEV,average,0,1,20,0.007248168
2030,Benzene,Diesel,average,1,2,1.129750733,0.000614771
2030,Benzene,Gasoline,average,1,2,12.80000002,0.069685674
2030,Benzene,PHEV,average,1,2,20,0.018313498
2030,Benzene,Diesel,average,2,3,0.884483072,0.000844165
2030,Benzene,Gasoline,average,2,3,12.80000004,0.088393425
2030,Benzene,PHEV,average,2,3,20,0.023234168
2030,Benzene,Diesel,average,3,4,0.844895571,0.000978363
2030,Benzene,Gasoline,average,3,4,12.80000005,0.101079715
2030,Benzene,PHEV,average,3,4,20,0.026570051
2030,Benzene,Diesel,average,4,5,0.826585308,0.001073296
2030,Benzene,Gasoline,average,4,5,12.80000005,0.110182205
2030,Benzene,PHEV,average,4,5,20,0.028963492
2030,Benzene,Diesel,average,5,6,0.826582928,0.001127068
2030,Benzene,Gasoline,average,5,6,12.80000005,0.115702075
2030,Benzene,PHEV,average,5,6,20,0.030414494
2030,Benzene,Diesel,average,6,7,0.826580553,0.001180839
2030,Benzene,Gasoline,average,6,7,12.80000004,0.121221949
2030,Benzene,PHEV,average,6,7,20,0.031865501
2030,Benzene,Diesel,average,7,8,0.82658387,0.001234606
2030,Benzene,Gasoline,average,7,8,12.80000005,0.126741816
2030,Benzene,PHEV,average,7,8,20,0.033316503
2030,Benzene,Diesel,average,8,9,0.826586144,0.001288374
2030,Benzene,Gasoline,average,8,9,12.80000005,0.132261701
2030,Benzene,PHEV,average,8,9,20,0.034767506
2030,Benzene,Diesel,average,9,10,0.826579155,0.00134215
2030,Benzene,Gasoline,average,9,10,12.80000004,0.137781572
2030,Benzene,PHEV,average,9,10,20,0.03621851
2030,Benzene,Diesel,average,10,11,0.826583387,0.001395915
2030,Benzene,Gasoline,average,10,11,12.80000005,0.143301435
2030,Benzene,PHEV,average,10,11,20,0.037669512
2030,Benzene,Diesel,average,11,12,0.826584537,0.001449684
2030,Benzene,Gasoline,average,11,12,12.80000005,0.148821305
2030,Benzene,PHEV,average,11,12,20,0.039120514
2030,Benzene,Diesel,average,12,1000,0.826583514,0.00147657
2030,Benzene,Gasoline,average,12,1000,12.80000005,0.151581236
2030,Benzene,PHEV,average,12,1000,20,0.039846015
2030,CH4,Diesel,average,0,1,2.702295524,0.000418278
2030,CH4,Gasoline,average,0,1,10.78305796,0.022358351
2030,CH4,PHEV,average,0,1,20,0.00582195
2030,CH4,Diesel,average,1,2,1.129742811,0.001261073
2030,CH4,Gasoline,average,1,2,10.27012367,0.056410842
2030,CH4,PHEV,average,1,2,20,0.014709961
2030,CH4,Diesel,average,2,3,0.884477365,0.001731625
2030,CH4,Gasoline,average,2,3,10.33013591,0.071515538
2030,CH4,PHEV,average,2,3,20,0.018662394
2030,CH4,Diesel,average,3,4,0.844896944,0.002006897
2030,CH4,Gasoline,average,3,4,10.34119482,0.081770249
2030,CH4,PHEV,average,3,4,20,0.021341877
2030,CH4,Diesel,average,4,5,0.826584531,0.002201633
2030,CH4,Gasoline,average,4,5,10.34553301,0.089129142
2030,CH4,PHEV,average,4,5,20,0.023264362
2030,CH4,Diesel,average,5,6,0.826585435,0.002311929
2030,CH4,Gasoline,average,5,6,10.34556831,0.093594298
2030,CH4,PHEV,average,5,6,20,0.024429852
2030,CH4,Diesel,average,6,7,0.826586054,0.002422225
2030,CH4,Gasoline,average,6,7,10.34552512,0.098059468
2030,CH4,PHEV,average,6,7,20,0.025595343
2030,CH4,Diesel,average,7,8,0.826582208,0.002532527
2030,CH4,Gasoline,average,7,8,10.3455611,0.102524623
2030,CH4,PHEV,average,7,8,20,0.026760834
2030,CH4,Diesel,average,8,9,0.826585956,0.002642818
2030,CH4,Gasoline,average,8,9,10.3455449,0.106989793
2030,CH4,PHEV,average,8,9,20,0.027926323
2030,CH4,Diesel,average,9,10,0.826584028,0.002753117
2030,CH4,Gasoline,average,9,10,10.3455519,0.111454949
2030,CH4,PHEV,average,9,10,20,0.029091814
2030,CH4,Diesel,average,10,11,0.826582437,0.002863419
2030,CH4,Gasoline,average,10,11,10.34555849,0.115920112
2030,CH4,PHEV,average,10,11,20,0.030257303
2030,CH4,Diesel,average,11,12,0.826585645,0.002973708
2030,CH4,Gasoline,average,11,12,10.3455879,0.120385267
2030,CH4,PHEV,average,11,12,20,0.031422792
2030,CH4,Diesel,average,12,1000,0.826582129,0.003028865
2030,CH4,Gasoline,average,12,1000,10.34553868,0.122617856
2030,CH4,PHEV,average,12,1000,20,0.032005536
2030,CO,Diesel,average,0,1,6.482066282,0.123169063
2030,CO,Gasoline,average,0,1,20,1.664575454
2030,CO,PHEV,average,0,1,20,0.447230179
2030,CO,Diesel,average,1,2,3.191320038,0.345167864
2030,CO,Gasoline,average,1,2,7.52669971,4.626660265
2030,CO,PHEV,average,1,2,7.564132216,1.243065412
2030,CO,Diesel,average,2,3,2.575725728,0.50366107
2030,CO,Gasoline,average,2,3,5.666521387,6.666645782
2030,CO,PHEV,average,2,3,5.683712109,1.791148998
2030,CO,Diesel,average,3,4,2.461490822,0.662187845
2030,CO,Gasoline,average,3,4,5.34965487,8.731049222
2030,CO,PHEV,average,3,4,5.36437374,2.345795196
2030,CO,Diesel,average,4,5,2.408474918,0.768011269
2030,CO,Gasoline,average,4,5,5.20873569,10.10578181
2030,CO,PHEV,average,4,5,5.22246467,2.715144885
2030,CO,Diesel,average,5,6,2.4084746,0.820021891
2030,CO,Gasoline,average,5,6,5.208738862,10.79015645
2030,CO,PHEV,average,5,6,5.222465728,2.899017378
2030,CO,Diesel,average,6,7,2.408473907,0.872032587
2030,CO,Gasoline,average,6,7,5.20873763,11.47452999
2030,CO,PHEV,average,6,7,5.222462525,3.082890117
2030,CO,Diesel,average,7,8,2.408473681,0.924043209
2030,CO,Gasoline,average,7,8,5.208736186,12.1589056
2030,CO,PHEV,average,7,8,5.222469329,3.26676198
2030,CO,Diesel,average,8,9,2.408476166,0.976053216
2030,CO,Gasoline,average,8,9,5.208737917,12.84327884
2030,CO,PHEV,average,8,9,5.222468216,3.450634715
2030,CO,Diesel,average,9,10,2.408475846,1.028063838
2030,CO,Gasoline,average,9,10,5.208736303,13.52765256
2030,CO,PHEV,average,9,10,5.222465263,3.634507215
2030,CO,Diesel,average,10,11,2.408475108,1.080074478
2030,CO,Gasoline,average,10,11,5.208735106,14.21202819
2030,CO,PHEV,average,10,11,5.222464567,3.818380188
2030,CO,Diesel,average,11,12,2.408475497,1.132084947
2030,CO,Gasoline,average,11,12,5.208737588,14.89640195
2030,CO,PHEV,average,11,12,5.222463806,4.002252923
2030,CO,Diesel,average,12,1000,2.40847452,1.158090299
2030,CO,Gasoline,average,12,1000,5.208734302,15.23858883
2030,CO,PHEV,average,12,1000,5.22246097,4.094189178
2030,CO2_WTW,Diesel,average,0,1,1.020276012,10.91180005
2030,CO2_WTW,Gasoline,average,0,1,2.174115617,10.5911018
2030,CO2_WTW,PHEV,average,0,1,2.205324581,2.367930395
2030,CO2_WTW,Diesel,average,1,2,0.336369214,48.82854109
2030,CO2_WTW,Gasoline,average,1,2,1.023842577,35.25024527
2030,CO2_WTW,PHEV,average,1,2,1.054592033,7.801055611
2030,CO2_WTW,Diesel,average,2,3,0.286096615,83.85945396
2030,CO2_WTW,Gasoline,average,2,3,0.850137185,60.05707621
2030,CO2_WTW,PHEV,average,2,3,0.875990443,13.24169417
2030,CO2_WTW,Diesel,average,3,4,0.276768932,117.9924667
2030,CO2_WTW,Gasoline,average,3,4,0.801680784,84.89748246
2030,CO2_WTW,PHEV,average,3,4,0.823874366,18.71009527
2030,CO2_WTW,Diesel,average,4,5,0.272408611,152.0693755
2030,CO2_WTW,Gasoline,average,4,5,0.773756698,109.9448591
2030,CO2_WTW,PHEV,average,4,5,0.793292057,24.23140549
2030,CO2_WTW,Diesel,average,5,6,0.272347632,185.8762352
2030,CO2_WTW,Gasoline,average,5,6,0.761175662,134.9917941
2030,CO2_WTW,PHEV,average,5,6,0.778496137,29.76438384
2030,CO2_WTW,Diesel,average,6,7,0.272306065,219.6825138
2030,CO2_WTW,Gasoline,average,6,7,0.752400849,160.0694681
2030,CO2_WTW,PHEV,average,6,7,0.768176105,35.3058927
2030,CO2_WTW,Diesel,average,7,8,0.272274113,253.4900609
2030,CO2_WTW,Gasoline,average,7,8,0.745938733,185.1654373
2030,CO2_WTW,PHEV,average,7,8,0.76056355,40.85291287
2030,CO2_WTW,Diesel,average,8,9,0.27225022,287.2969194
2030,CO2_WTW,Gasoline,average,8,9,0.740978953,210.2741734
2030,CO2_WTW,PHEV,average,8,9,0.754720542,46.40351995
2030,CO2_WTW,Diesel,average,9,10,0.272233406,321.1023557
2030,CO2_WTW,Gasoline,average,9,10,0.737059838,235.3902308
2030,CO2_WTW,PHEV,average,9,10,0.750091841,51.95678499
2030,CO2_WTW,Diesel,average,10,11,0.272216164,354.9109874
2030,CO2_WTW,Gasoline,average,10,11,0.733873189,260.5141531
2030,CO2_WTW,PHEV,average,10,11,0.746335041,57.51192457
2030,CO2_WTW,Diesel,average,11,12,0.272202799,388.7187045
2030,CO2_WTW,Gasoline,average,11,12,0.731238249,285.6425742
2030,CO2_WTW,PHEV,average,11,12,0.743228561,63.06827133
2030,CO2_WTW,Diesel,average,12,1000,0.272200319,405.7812121
2030,CO2_WTW,Gasoline,average,12,1000,0.730064592,298.3300794
2030,CO2_WTW,PHEV,average,12,1000,0.741843418,65.87393044
2030,CO2e,Diesel,average,0,1,1.020634904,9.018753566
2030,CO2e,Gasoline,average,0,1,2.197871264,8.974993413
2030,CO2e,PHEV,average,0,1,2.233210247,2.009663021
2030,CO2e,Diesel,average,1,2,0.336590699,40.34414959
2030,CO2e,Gasoline,average,1,2,1.050998441,29.56724998
2030,CO2e,PHEV,average,1,2,1.086297347,6.546795397
2030,CO2e,Diesel,average,2,3,0.286233781,69.29300749
2030,CO2e,Gasoline,average,2,3,0.87321687,50.17154592
2030,CO2e,PHEV,average,2,3,0.902994881,11.06120556
2030,CO2e,Diesel,average,3,4,0.276877502,97.49988839
2030,CO2e,Gasoline,average,3,4,0.821202846,70.88653579
2030,CO2e,PHEV,average,3,4,0.846754966,15.61737052
2030,CO2e,Diesel,average,4,5,0.272499043,125.6609024
2030,CO2e,Gasoline,average,4,5,0.790643759,91.80393176
2030,CO2e,PHEV,average,4,5,0.813114686,20.2243529
2030,CO2e,Diesel,average,5,6,0.272425187,153.5991862
2030,CO2e,Gasoline,average,5,6,0.775807772,112.7686172
2030,CO2e,PHEV,average,5,6,0.795698905,24.85227222
2030,CO2e,Diesel,average,6,7,0.272375195,181.5368522
2030,CO2e,Gasoline,average,6,7,0.765453415,133.7666837
2030,CO2e,PHEV,average,6,7,0.783532916,29.48960608
2030,CO2e,Diesel,average,7,8,0.272335897,209.4760407
2030,CO2e,Gasoline,average,7,8,0.757818135,154.7856249
2030,CO2e,PHEV,average,7,8,0.7745517,34.13294337
2030,CO2e,Diesel,average,8,9,0.272308653,237.4134102
2030,CO2e,Gasoline,average,8,9,0.751959399,175.8180966
2030,CO2e,PHEV,average,8,9,0.767648807,38.78041731
2030,CO2e,Diesel,average,9,10,0.27228637,265.3513932
2030,CO2e,Gasoline,average,9,10,0.747314571,196.8611594
2030,CO2e,PHEV,average,9,10,0.762180775,43.4306816
2030,CO2e,Diesel,average,10,11,0.272268073,293.2896373
2030,CO2e,Gasoline,average,10,11,0.743547698,217.9108267
2030,CO2e,PHEV,average,10,11,0.757739598,48.08312205
2030,CO2e,Diesel,average,11,12,0.272251858,321.2286927
2030,CO2e,Gasoline,average,11,12,0.740422804,238.9673344
2030,CO2e,PHEV,average,11,12,0.754061597,52.73715335
2030,CO2e,Diesel,average,12,1000,0.272247234,335.3301114
2030,CO2e,Gasoline,average,12,1000,0.739036597,249.5984279
2030,CO2e,PHEV,average,12,1000,0.75242597,55.08718382
2030,FC,Diesel,average,0,1,1.018566104,2.861388868
2030,FC,Gasoline,average,0,1,2.044143059,2.691762208
2030,FC,PHEV,average,0,1,2.051690202,0.596897024
2030,FC,Diesel,average,1,2,0.33531764,12.82437301
2030,FC,Gasoline,average,1,2,0.873609802,9.58325969
2030,FC,PHEV,average,1,2,0.87768146,2.123374166
2030,FC,Diesel,average,2,3,0.28543787,22.01790223
2030,FC,Gasoline,average,2,3,0.723393754,16.70610435
2030,FC,PHEV,average,2,3,0.726641147,3.701797633
2030,FC,Diesel,average,3,4,0.276349033,30.96585968
2030,FC,Gasoline,average,3,4,0.695267108,23.60966865
2030,FC,PHEV,average,3,4,0.698352024,5.231655227
2030,FC,Diesel,average,4,5,0.271977342,39.91720426
2030,FC,Gasoline,average,4,5,0.682185555,30.49498808
2030,FC,PHEV,average,4,5,0.685199547,6.757437207
2030,FC,Diesel,average,5,6,0.271976973,48.78773522
2030,FC,Gasoline,average,5,6,0.682184959,37.27167682
2030,FC,PHEV,average,5,6,0.685198303,8.259097882
2030,FC,Diesel,average,6,7,0.27197634,57.65836548
2030,FC,Gasoline,average,6,7,0.682185095,44.04830376
2030,FC,PHEV,average,6,7,0.685192937,9.760806065
2030,FC,Diesel,average,7,8,0.271976015,66.52893313
2030,FC,Gasoline,average,7,8,0.682181125,50.82514392
2030,FC,PHEV,average,7,8,0.685198104,11.2624078
2030,FC,Diesel,average,8,9,0.271976241,75.3993984
2030,FC,Gasoline,average,8,9,0.682185251,57.60166665
2030,FC,PHEV,average,8,9,0.685196072,12.76408488
2030,FC,Diesel,average,9,10,0.271977783,84.26957956
2030,FC,Gasoline,average,9,10,0.682185184,64.37833556
2030,FC,PHEV,average,9,10,0.685199877,14.26569633
2030,FC,Diesel,average,10,11,0.271974739,93.14082062
2030,FC,Gasoline,average,10,11,0.682184963,71.15502178
2030,FC,PHEV,average,10,11,0.68519849,15.76736706
2030,FC,Diesel,average,11,12,0.271975232,102.0112014
2030,FC,Gasoline,average,11,12,0.682185527,77.93163891
2030,FC,PHEV,average,11,12,0.685198313,17.26902183
2030,FC,Diesel,average,12,1000,0.271978346,106.4882175
2030,FC,Gasoline,average,12,1000,0.682185137,81.35254306
2030,FC,PHEV,average,12,1000,0.685198913,18.02705029
2030,FC_MJ,Diesel,average,0,1,1.018566253,0.122925243
2030,FC_MJ,Gasoline,average,0,1,2.044151618,0.117207272
2030,FC_MJ,PHEV,average,0,1,2.051695533,0.025990651
2030,FC_MJ,Diesel,average,1,2,0.335319211,0.550933023
2030,FC_MJ,Gasoline,average,1,2,0.873611243,0.41728347
2030,FC_MJ,PHEV,average,1,2,0.877684497,0.092457921
2030,FC_MJ,Diesel,average,2,3,0.285437897,0.945888546
2030,FC_MJ,Gasoline,average,2,3,0.72339378,0.727434018
2030,FC_MJ,PHEV,average,2,3,0.726645704,0.161186732
2030,FC_MJ,Diesel,average,3,4,0.276252171,1.330691779
2030,FC_MJ,Gasoline,average,3,4,0.69526569,1.028036487
2030,FC_MJ,PHEV,average,3,4,0.698357693,0.227800934
2030,FC_MJ,Diesel,average,4,5,0.271977217,1.714843695
2030,FC_MJ,Gasoline,average,4,5,0.682185751,1.327842944
2030,FC_MJ,PHEV,average,4,5,0.685195346,0.294240262
2030,FC_MJ,Diesel,average,5,6,0.27197752,2.095918819
2030,FC_MJ,Gasoline,average,5,6,0.682185512,1.622919694
2030,FC_MJ,PHEV,average,5,6,0.685199569,0.359625572
2030,FC_MJ,Diesel,average,6,7,0.271978261,2.476989288
2030,FC_MJ,Gasoline,average,6,7,0.682184294,1.9179984
2030,FC_MJ,PHEV,average,6,7,0.685199521,0.42501204
2030,FC_MJ,Diesel,average,7,8,0.271978146,2.858066039
2030,FC_MJ,Gasoline,average,7,8,0.682177536,2.213087424
2030,FC_MJ,PHEV,average,7,8,0.685193387,0.49040124
2030,FC_MJ,Diesel,average,8,9,0.27197581,3.239162443
2030,FC_MJ,Gasoline,average,8,9,0.682186316,2.508145854
2030,FC_MJ,PHEV,average,8,9,0.685199471,0.555785347
2030,FC_MJ,Diesel,average,9,10,0.271975336,3.620245076
2030,FC_MJ,Gasoline,average,9,10,0.682185917,2.803223458
2030,FC_MJ,PHEV,average,9,10,0.685200086,0.621171476
2030,FC_MJ,Diesel,average,10,11,0.271977072,4.001303369
2030,FC_MJ,Gasoline,average,10,11,0.682185556,3.098301049
2030,FC_MJ,PHEV,average,10,11,0.685199608,0.686557824
2030,FC_MJ,Diesel,average,11,12,0.271978446,4.382364135
2030,FC_MJ,Gasoline,average,11,12,0.682184748,3.393380334
2030,FC_MJ,PHEV,average,11,12,0.685198096,0.7519452
2030,FC_MJ,Diesel,average,12,1000,0.271977163,4.574746195
2030,FC_MJ,Gasoline,average,12,1000,0.68218657,3.542327323
2030,FC_MJ,PHEV,average,12,1000,0.685198848,0.784951883
2030,HC,Diesel,average,0,1,2.702287544,0.017428262
2030,HC,Gasoline,average,0,1,12.14835703,0.40631038
2030,HC,PHEV,average,0,1,20,0.106434191
2030,HC,Diesel,average,1,2,1.129749177,0.052544572
2030,HC,Gasoline,average,1,2,11.63599513,1.025859118
2030,HC,PHEV,average,1,2,20,0.268920684
2030,HC,Diesel,average,2,3,0.884482216,0.072150843
2030,HC,Gasoline,average,2,3,11.6837394,1.301017165
2030,HC,PHEV,average,2,3,20,0.341177222
2030,HC,Diesel,average,3,4,0.844897573,0.083620719
2030,HC,Gasoline,average,3,4,11.68504,1.487691164
2030,HC,PHEV,average,3,4,20,0.390162353
2030,HC,Diesel,average,4,5,0.82658489,0.091734675
2030,HC,Gasoline,average,4,5,11.68327956,1.621638656
2030,HC,PHEV,average,4,5,20,0.425308271
2030,HC,Diesel,average,5,6,0.826584233,0.096330473
2030,HC,Gasoline,average,5,6,11.68328483,1.702878952
2030,HC,PHEV,average,5,6,20,0.446615209
2030,HC,Diesel,average,6,7,0.826583538,0.100926218
2030,HC,Gasoline,average,6,7,11.68324344,1.784119368
2030,HC,PHEV,average,6,7,20,0.467922163
2030,HC,Diesel,average,7,8,0.826584712,0.105521813
2030,HC,Gasoline,average,7,8,11.68333758,1.865359545
2030,HC,PHEV,average,7,8,20,0.489229117
2030,HC,Diesel,average,8,9,0.826580893,0.110117795
2030,HC,Gasoline,average,8,9,11.68329791,1.94660008
2030,HC,PHEV,average,8,9,20,0.51053607
2030,HC,Diesel,average,9,10,0.826583115,0.114713353
2030,HC,Gasoline,average,9,10,11.68330161,2.027840376
2030,HC,PHEV,average,9,10,20,0.531843039
2030,HC,Diesel,average,10,11,0.826584782,0.119308911
2030,HC,Gasoline,average,10,11,11.68334377,2.109080553
2030,HC,PHEV,average,10,11,20,0.553150008
2030,HC,Diesel,average,11,12,0.826581109,0.123904877
2030,HC,Gasoline,average,11,12,11.68330796,2.19032073
2030,HC,PHEV,average,11,12,20,0.574456946
2030,HC,Diesel,average,12,1000,0.826584635,0.12620247
2030,HC,Gasoline,average,12,1000,11.68329125,2.230941057
2030,HC,PHEV,average,12,1000,20,0.585110416
2030,NMHC,Diesel,average,0,1,2.702288842,0.017009982
2030,NMHC,Gasoline,average,0,1,12.26568167,0.383952051
2030,NMHC,PHEV,average,0,1,20,0.100612235
2030,NMHC,Diesel,average,1,2,1.129745569,0.051283582
2030,NMHC,Gasoline,average,1,2,11.75337525,0.969448209
2030,NMHC,PHEV,average,1,2,20,0.254210699
2030,NMHC,Diesel,average,2,3,0.884481397,0.070419287
2030,NMHC,Gasoline,average,2,3,11.79965353,1.229501486
2030,NMHC,PHEV,average,2,3,20,0.322514822
2030,NMHC,Diesel,average,3,4,0.844897548,0.081613806
2030,NMHC,Gasoline,average,3,4,11.79964377,1.405920982
2030,NMHC,PHEV,average,3,4,20,0.368820456
2030,NMHC,Diesel,average,4,5,0.826582701,0.08953322
2030,NMHC,Gasoline,average,4,5,11.79717765,1.532509565
2030,NMHC,PHEV,average,4,5,20,0.402043901
2030,NMHC,Diesel,average,5,6,0.826581972,0.094018682
2030,NMHC,Gasoline,average,5,6,11.7973284,1.60928452
2030,NMHC,PHEV,average,5,6,20,0.422185334
2030,NMHC,Diesel,average,6,7,0.826584977,0.098503854
2030,NMHC,Gasoline,average,6,7,11.7972077,1.686059833
2030,NMHC,PHEV,average,6,7,20,0.442326811
2030,NMHC,Diesel,average,7,8,0.826584669,0.102989304
2030,NMHC,Gasoline,average,7,8,11.79724572,1.762834907
2030,NMHC,PHEV,average,7,8,20,0.462468288
2030,NMHC,Diesel,average,8,9,0.826584411,0.107474722
2030,NMHC,Gasoline,average,8,9,11.7971861,1.839610219
2030,NMHC,PHEV,average,8,9,20,0.482609751
2030,NMHC,Diesel,average,9,10,0.826583438,0.111960204
2030,NMHC,Gasoline,average,9,10,11.79722156,1.916385293
2030,NMHC,PHEV,average,9,10,20,0.502751199
2030,NMHC,Diesel,average,10,11,0.826581015,0.116445786
2030,NMHC,Gasoline,average,10,11,11.79721124,1.993160486
2030,NMHC,PHEV,average,10,11,20,0.522892632
2030,NMHC,Diesel,average,11,12,0.826581514,0.120931097
2030,NMHC,Gasoline,average,11,12,11.79728505,2.06993556
2030,NMHC,PHEV,average,11,12,20,0.543034125
2030,NMHC,Diesel,average,12,1000,0.826580808,0.123173878
2030,NMHC,Gasoline,average,12,1000,11.79717591,2.108323097
2030,NMHC,PHEV,average,12,1000,20,0.553104826
2030,NO2,Diesel,average,0,1,0.905509912,0.029969039
2030,NO2,Gasoline,average,0,1,3.571098654,0.008459741
2030,NO2,PHEV,average,0,1,3.556057093,0.003096548
2030,NO2,Diesel,average,1,2,0.474010585,0.075599865
2030,NO2,Gasoline,average,1,2,2.493930429,0.016857617
2030,NO2,PHEV,average,1,2,2.419002396,0.006216532
2030,NO2,Diesel,average,2,3,0.410340849,0.091890793
2030,NO2,Gasoline,average,2,3,2.157508256,0.018120238
2030,NO2,PHEV,average,2,3,2.077718036,0.006704653
2030,NO2,Diesel,average,3,4,0.410340849,0.091890793
2030,NO2,Gasoline,average,3,4,2.157507415,0.018771521
2030,NO2,PHEV,average,3,4,2.077717362,0.006945634
2030,NO2,Diesel,average,4,5,0.41204557,0.091817027
2030,NO2,Gasoline,average,4,5,2.166754776,0.018792759
2030,NO2,PHEV,average,4,5,2.086984737,0.006952836
2030,NO2,Diesel,average,5,6,0.415458131,0.091674466
2030,NO2,Gasoline,average,5,6,2.185520101,0.018184654
2030,NO2,PHEV,average,5,6,2.105798782,0.00672658
2030,NO2,Diesel,average,6,7,0.419023922,0.091514554
2030,NO2,Gasoline,average,6,7,2.20453762,0.017577559
2030,NO2,PHEV,average,6,7,2.12490135,0.006500758
2030,NO2,Diesel,average,7,8,0.422593272,0.091362055
2030,NO2,Gasoline,average,7,8,2.223850555,0.016971371
2030,NO2,PHEV,average,7,8,2.144292631,0.006275374
2030,NO2,Diesel,average,8,9,0.426201365,0.09121129
2030,NO2,Gasoline,average,8,9,2.243442744,0.016366147
2030,NO2,PHEV,average,8,9,2.164008659,0.006050403
2030,NO2,Diesel,average,9,10,0.429901974,0.091053862
2030,NO2,Gasoline,average,9,10,2.263330038,0.015761857
2030,NO2,PHEV,average,9,10,2.184046269,0.005825854
2030,NO2,Diesel,average,10,11,0.433701141,0.090889229
2030,NO2,Gasoline,average,10,11,2.283522208,0.015158471
2030,NO2,PHEV,average,10,11,2.204417044,0.005601716
2030,NO2,Diesel,average,11,12,0.437514208,0.090730837
2030,NO2,Gasoline,average,11,12,2.304029739,0.014555979
2030,NO2,PHEV,average,11,12,2.225138784,0.005377978
2030,NO2,Diesel,average,12,1000,0.439472178,0.090646796
2030,NO2,Gasoline,average,12,1000,2.314453519,0.014255047
2030,NO2,PHEV,average,12,1000,2.235674716,0.005266263
2030,NOx,Diesel,average,0,1,0.854990573,0.215654984
2030,NOx,Gasoline,average,0,1,3.650205094,0.173519509
2030,NOx,PHEV,average,0,1,3.556059154,0.061930948
2030,NOx,Diesel,average,1,2,0.454168863,0.538716647
2030,NOx,Gasoline,average,1,2,2.508766019,0.347386766
2030,NOx,PHEV,average,1,2,2.4190035,0.124330621
2030,NOx,Diesel,average,2,3,0.393714017,0.654141069
2030,NOx,Gasoline,average,2,3,2.163234962,0.373916674
2030,NOx,PHEV,average,2,3,2.077718262,0.134093053
2030,NOx,Diesel,average,3,4,0.393714017,0.654141069
2030,NOx,Gasoline,average,3,4,2.163235408,0.387356031
2030,NOx,PHEV,average,3,4,2.077717911,0.138912659
2030,NOx,Diesel,average,4,5,0.395394782,0.653559358
2030,NOx,Gasoline,average,4,5,2.172673125,0.387780855
2030,NOx,PHEV,average,4,5,2.086984011,0.139056721
2030,NOx,Diesel,average,5,6,0.398680781,0.652530647
2030,NOx,Gasoline,average,5,6,2.191823826,0.375206783
2030,NOx,PHEV,average,5,6,2.105798555,0.134531604
2030,NOx,Diesel,average,6,7,0.401975918,0.651545897
2030,NOx,Gasoline,average,6,7,2.21126893,0.36265362
2030,NOx,PHEV,average,6,7,2.124901659,0.130015157
2030,NOx,Diesel,average,7,8,0.405380012,0.650483439
2030,NOx,Gasoline,average,7,8,2.231007737,0.350121608
2030,NOx,PHEV,average,7,8,2.144292906,0.125507477
2030,NOx,Diesel,average,8,9,0.408864154,0.649381679
2030,NOx,Gasoline,average,8,9,2.251052859,0.337610109
2030,NOx,PHEV,average,8,9,2.164007915,0.121008062
2030,NOx,Diesel,average,9,10,0.412353128,0.648332262
2030,NOx,Gasoline,average,9,10,2.271408796,0.325119532
2030,NOx,PHEV,average,9,10,2.184045126,0.116517095
2030,NOx,Diesel,average,10,11,0.415906584,0.647263644
2030,NOx,Gasoline,average,10,11,2.292094315,0.312648908
2030,NOx,PHEV,average,10,11,2.204418096,0.112034304
2030,NOx,Diesel,average,11,12,0.419552192,0.646148238
2030,NOx,Gasoline,average,11,12,2.313117247,0.300198227
2030,NOx,PHEV,average,11,12,2.22514139,0.107559511
2030,NOx,Diesel,average,12,1000,0.421403262,0.645579236
2030,NOx,Gasoline,average,12,1000,2.323806926,0.293979981
2030,NOx,PHEV,average,12,1000,2.235675695,0.105325246
2030,Pb,Gasoline,average,0,1,2.044133793,2.681E-06
2030,Pb,PHEV,average,0,1,2.051683761,5.9451E-07
2030,Pb,Gasoline,average,1,2,0.87360893,9.54493E-06
2030,Pb,PHEV,average,1,2,0.877688571,2.11487E-06
2030,Pb,Gasoline,average,2,3,0.723403822,1.66391E-05
2030,Pb,PHEV,average,2,3,0.726627901,3.68703E-06
2030,Pb,Gasoline,average,3,4,0.695274988,2.3515E-05
2030,Pb,PHEV,average,3,4,0.698353418,5.21073E-06
2030,Pb,Gasoline,average,4,5,0.68218485,3.0373E-05
2030,Pb,PHEV,average,4,5,0.685198799,6.7304E-06
2030,Pb,Gasoline,average,5,6,0.682185789,3.71226E-05
2030,Pb,PHEV,average,5,6,0.685201408,8.22604E-06
2030,Pb,Gasoline,average,6,7,0.682197732,4.38716E-05
2030,Pb,PHEV,average,6,7,0.685193745,9.72175E-06
2030,Pb,Gasoline,average,7,8,0.682181082,5.06219E-05
2030,Pb,PHEV,average,7,8,0.685193729,1.12174E-05
2030,Pb,Gasoline,average,8,9,0.682184072,5.73714E-05
2030,Pb,PHEV,average,8,9,0.685194677,1.2713E-05
2030,Pb,Gasoline,average,9,10,0.682192985,6.41203E-05
2030,Pb,PHEV,average,9,10,0.685197394,1.42087E-05
2030,Pb,Gasoline,average,10,11,0.682181079,7.08706E-05
2030,Pb,PHEV,average,10,11,0.685200941,1.57043E-05
2030,Pb,Gasoline,average,11,12,0.682183927,7.76201E-05
2030,Pb,PHEV,average,11,12,0.68520171,1.71999E-05
2030,Pb,Gasoline,average,12,1000,0.682183308,8.10273E-05
2030,Pb,PHEV,average,12,1000,0.685194985,1.7955E-05
2030,PM2.5,Diesel,average,0,1,2.12513738,0.001038398
2030,PM2.5,Diesel,average,1,2,1.002817134,0.003142295
2030,PM2.5,Diesel,average,2,3,0.765265641,0.004342399
2030,PM2.5,Diesel,average,3,4,0.744144377,0.00500432
2030,PM2.5,Diesel,average,4,5,0.74698797,0.005449361
2030,PM2.5,Diesel,average,5,6,0.773830407,0.005666748
2030,PM2.5,Diesel,average,6,7,0.802722587,0.005876249
2030,PM2.5,Diesel,average,7,8,0.833931182,0.006077263
2030,PM2.5,Diesel,average,8,9,0.867742971,0.00626922
2030,PM2.5,Diesel,average,9,10,0.904511953,0.006451454
2030,PM2.5,Diesel,average,10,11,0.94466224,0.006623211
2030,PM2.5,Diesel,average,11,12,0.98869085,0.006783713
2030,PM2.5,Diesel,average,12,1000,1.012070893,0.006860355
2030,PN,Diesel,average,0,1,1.828695562,1.41424E+11
2030,PN,Diesel,average,1,2,0.885524379,4.26142E+11
2030,PN,Diesel,average,2,3,0.685278774,5.84348E+11
2030,PN,Diesel,average,3,4,0.667152729,6.72947E+11
2030,PN,Diesel,average,4,5,0.66959996,7.32861E+11
2030,PN,Diesel,average,5,6,0.692621615,7.62775E+11
2030,PN,Diesel,average,6,7,0.717307557,7.91731E+11
2030,PN,Diesel,average,7,8,0.743867768,8.19652E+11
2030,PN,Diesel,average,8,9,0.772524084,8.46466E+11
2030,PN,Diesel,average,9,10,0.803550682,8.72085E+11
2030,PN,Diesel,average,10,11,0.837247944,8.96432E+11
2030,PN,Diesel,average,11,12,0.873983584,9.19409E+11
2030,PN,Diesel,average,12,1000,0.893407218,9.30459E+11
2030,SO2,Diesel,average,0,1,1.018564004,1.14456E-05
2030,SO2,Gasoline,average,0,1,2.044146105,4.99349E-05
2030,SO2,PHEV,average,0,1,2.051672601,1.10731E-05
2030,SO2,Diesel,average,1,2,0.335316769,5.12976E-05
2030,SO2,Gasoline,average,1,2,0.873597859,0.000177781
2030,SO2,PHEV,average,1,2,0.877674356,3.93909E-05
2030,SO2,Diesel,average,2,3,0.285415869,8.80757E-05
2030,SO2,Gasoline,average,2,3,0.72339237,0.000309916
2030,SO2,PHEV,average,2,3,0.726638797,6.86721E-05
2030,SO2,Diesel,average,3,4,0.276257709,0.000123899
2030,SO2,Gasoline,average,3,4,0.695261902,0.000437984
2030,SO2,PHEV,average,3,4,0.698350046,9.70527E-05
2030,SO2,Diesel,average,4,5,0.271976885,0.000159669
2030,SO2,Gasoline,average,4,5,0.68218727,0.000565712
2030,SO2,PHEV,average,4,5,0.685198947,0.000125357
2030,SO2,Diesel,average,5,6,0.271977445,0.000195151
2030,SO2,Gasoline,average,5,6,0.682181082,0.00069143
2030,SO2,PHEV,average,5,6,0.685199381,0.000153214
2030,SO2,Diesel,average,6,7,0.271972552,0.000230636
2030,SO2,Gasoline,average,6,7,0.682182096,0.000817143
2030,SO2,PHEV,average,6,7,0.685209822,0.000181069
2030,SO2,Diesel,average,7,8,0.271975395,0.000266116
2030,SO2,Gasoline,average,7,8,0.682187095,0.000942854
2030,SO2,PHEV,average,7,8,0.685205844,0.000208927
2030,SO2,Diesel,average,8,9,0.271990258,0.000301584
2030,SO2,Gasoline,average,8,9,0.682187702,0.001068566
2030,SO2,PHEV,average,8,9,0.68518875,0.000236789
2030,SO2,Diesel,average,9,10,0.271972745,0.000337084
2030,SO2,Gasoline,average,9,10,0.682183558,0.001194285
2030,SO2,PHEV,average,9,10,0.685194037,0.000264645
2030,SO2,Diesel,average,10,11,0.271976409,0.000372562
2030,SO2,Gasoline,average,10,11,0.682183332,0.001319999
2030,SO2,PHEV,average,10,11,0.68519345,0.000292502
2030,SO2,Diesel,average,11,12,0.271982578,0.000408036
2030,SO2,Gasoline,average,11,12,0.682184968,0.00144571
2030,SO2,PHEV,average,11,12,0.685194632,0.000320359
2030,SO2,Diesel,average,12,1000,0.271967781,0.000425967
2030,SO2,Gasoline,average,12,1000,0.68218723,0.001509168
2030,SO2,PHEV,average,12,1000,0.685190613,0.000334423
