zone_id,mn_code,municipality
711401,114,Upplands Väsby
711402,114,Upplands Väsby
711403,114,Upplands Väsby
711404,114,Upplands Väsby
711405,114,Upplands Väsby
711406,114,Upplands Väsby
711407,114,Upplands Väsby
711408,114,Upplands Väsby
711409,114,Upplands Väsby
711410,114,Upplands Väsby
711411,114,Upplands Väsby
711412,114,Upplands Väsby
711413,114,Upplands Väsby
711414,114,Upplands Väsby
711416,114,Upplands Väsby
711417,114,Upplands Väsby
711418,114,Upplands Väsby
711419,114,Upplands Väsby
711420,114,Upplands Väsby
711421,114,Upplands Väsby
711422,114,Upplands Väsby
711423,114,Upplands Väsby
711424,114,Upplands Väsby
711425,114,Upplands Väsby
711426,114,Upplands Väsby
711427,114,Upplands Väsby
711428,114,Upplands Väsby
711429,114,Upplands Väsby
711501,115,Vallentuna
711502,115,Vallentuna
711503,115,Vallentuna
711504,115,Vallentuna
711505,115,Vallentuna
711506,115,Vallentuna
711507,115,Vallentuna
711508,115,Vallentuna
711509,115,Vallentuna
711510,115,Vallentuna
711511,115,Vallentuna
711512,115,Vallentuna
711513,115,Vallentuna
711514,115,Vallentuna
711515,115,Vallentuna
711516,115,Vallentuna
711517,115,Vallentuna
711518,115,Vallentuna
711519,115,Vallentuna
711520,115,Vallentuna
711521,115,Vallentuna
711522,115,Vallentuna
711523,115,Vallentuna
711524,115,Vallentuna
711525,115,Vallentuna
711526,115,Vallentuna
711527,115,Vallentuna
711716,117,Österåker
711717,117,Österåker
711720,117,Österåker
711701,117,Österåker
711702,117,Österåker
711703,117,Österåker
711704,117,Österåker
711705,117,Österåker
711706,117,Österåker
711707,117,Österåker
711708,117,Österåker
711709,117,Österåker
711710,117,Österåker
711711,117,Österåker
711712,117,Österåker
711713,117,Österåker
711714,117,Österåker
711715,117,Österåker
711721,117,Österåker
711722,117,Österåker
711724,117,Österåker
711725,117,Österåker
711726,117,Österåker
712001,120,Värmdö
712002,120,Värmdö
712003,120,Värmdö
712005,120,Värmdö
712006,120,Värmdö
712007,120,Värmdö
712008,120,Värmdö
712009,120,Värmdö
712010,120,Värmdö
712011,120,Värmdö
712012,120,Värmdö
712015,120,Värmdö
712019,120,Värmdö
712022,120,Värmdö
712023,120,Värmdö
712024,120,Värmdö
712025,120,Värmdö
712026,120,Värmdö
712027,120,Värmdö
712028,120,Värmdö
712029,120,Värmdö
712030,120,Värmdö
712301,123,Järfälla
712303,123,Järfälla
712304,123,Järfälla
712305,123,Järfälla
712314,123,Järfälla
712315,123,Järfälla
712319,123,Järfälla
712331,123,Järfälla
712333,123,Järfälla
712334,123,Järfälla
712306,123,Järfälla
712307,123,Järfälla
712308,123,Järfälla
712309,123,Järfälla
712310,123,Järfälla
712311,123,Järfälla
712312,123,Järfälla
712313,123,Järfälla
712316,123,Järfälla
712317,123,Järfälla
712318,123,Järfälla
712330,123,Järfälla
712335,123,Järfälla
712336,123,Järfälla
712320,123,Järfälla
712321,123,Järfälla
712322,123,Järfälla
712323,123,Järfälla
712324,123,Järfälla
712325,123,Järfälla
712326,123,Järfälla
712327,123,Järfälla
712329,123,Järfälla
712503,125,Ekerö
712505,125,Ekerö
712506,125,Ekerö
712507,125,Ekerö
712508,125,Ekerö
712512,125,Ekerö
712513,125,Ekerö
712514,125,Ekerö
712515,125,Ekerö
712517,125,Ekerö
712502,125,Ekerö
712504,125,Ekerö
712516,125,Ekerö
712603,126,Huddinge
712604,126,Huddinge
712605,126,Huddinge
712606,126,Huddinge
712607,126,Huddinge
712615,126,Huddinge
712617,126,Huddinge
712618,126,Huddinge
712621,126,Huddinge
712636,126,Huddinge
712637,126,Huddinge
712638,126,Huddinge
712639,126,Huddinge
712640,126,Huddinge
710445,126,Huddinge
710447,126,Huddinge
712626,126,Huddinge
712628,126,Huddinge
710338,126,Huddinge
710339,126,Huddinge
710340,126,Huddinge
710369,126,Huddinge
712601,126,Huddinge
712602,126,Huddinge
712608,126,Huddinge
712609,126,Huddinge
712610,126,Huddinge
712611,126,Huddinge
712612,126,Huddinge
712614,126,Huddinge
712616,126,Huddinge
712619,126,Huddinge
712620,126,Huddinge
712622,126,Huddinge
712632,126,Huddinge
712633,126,Huddinge
712634,126,Huddinge
712635,126,Huddinge
712613,126,Huddinge
712623,126,Huddinge
712624,126,Huddinge
712627,126,Huddinge
712630,126,Huddinge
712631,126,Huddinge
712719,127,Botkyrka
712720,127,Botkyrka
712721,127,Botkyrka
712722,127,Botkyrka
712723,127,Botkyrka
712724,127,Botkyrka
712727,127,Botkyrka
712728,127,Botkyrka
712729,127,Botkyrka
712730,127,Botkyrka
712731,127,Botkyrka
712732,127,Botkyrka
712733,127,Botkyrka
712734,127,Botkyrka
712735,127,Botkyrka
712736,127,Botkyrka
712737,127,Botkyrka
712738,127,Botkyrka
712739,127,Botkyrka
712701,127,Botkyrka
712702,127,Botkyrka
712703,127,Botkyrka
712704,127,Botkyrka
712705,127,Botkyrka
712706,127,Botkyrka
712707,127,Botkyrka
712708,127,Botkyrka
712709,127,Botkyrka
712710,127,Botkyrka
712711,127,Botkyrka
712712,127,Botkyrka
712713,127,Botkyrka
712714,127,Botkyrka
712715,127,Botkyrka
712716,127,Botkyrka
712717,127,Botkyrka
712718,127,Botkyrka
712740,127,Botkyrka
712741,127,Botkyrka
712742,127,Botkyrka
712743,127,Botkyrka
712744,127,Botkyrka
712745,127,Botkyrka
712746,127,Botkyrka
712747,127,Botkyrka
712748,127,Botkyrka
712749,127,Botkyrka
712802,127,Botkyrka
712803,127,Botkyrka
712890,127,Botkyrka
712806,128,Salem
712801,128,Salem
712804,128,Salem
712805,128,Salem
712810,128,Salem
712811,128,Salem
712870,128,Salem
712880,128,Salem
713627,136,Haninge
713628,136,Haninge
713601,136,Haninge
713602,136,Haninge
713603,136,Haninge
713604,136,Haninge
713605,136,Haninge
713606,136,Haninge
713607,136,Haninge
713608,136,Haninge
713609,136,Haninge
713610,136,Haninge
713611,136,Haninge
713612,136,Haninge
713613,136,Haninge
713614,136,Haninge
713615,136,Haninge
713616,136,Haninge
713617,136,Haninge
713618,136,Haninge
713619,136,Haninge
713620,136,Haninge
713621,136,Haninge
713622,136,Haninge
713623,136,Haninge
713624,136,Haninge
713632,136,Haninge
713633,136,Haninge
713634,136,Haninge
713635,136,Haninge
713636,136,Haninge
713637,136,Haninge
713639,136,Haninge
713640,136,Haninge
713641,136,Haninge
713642,136,Haninge
713643,136,Haninge
713644,136,Haninge
713829,136,Haninge
713801,138,Tyresö
713802,138,Tyresö
713803,138,Tyresö
713804,138,Tyresö
713805,138,Tyresö
713806,138,Tyresö
713807,138,Tyresö
713808,138,Tyresö
713809,138,Tyresö
713810,138,Tyresö
713811,138,Tyresö
713812,138,Tyresö
713813,138,Tyresö
713815,138,Tyresö
713816,138,Tyresö
713817,138,Tyresö
713818,138,Tyresö
713819,138,Tyresö
713820,138,Tyresö
713821,138,Tyresö
713822,138,Tyresö
713823,138,Tyresö
713824,138,Tyresö
713826,138,Tyresö
713827,138,Tyresö
713828,138,Tyresö
718256,138,Tyresö
713825,138,Tyresö
713901,139,Upplands-Bro
713902,139,Upplands-Bro
713903,139,Upplands-Bro
713904,139,Upplands-Bro
713905,139,Upplands-Bro
713906,139,Upplands-Bro
713907,139,Upplands-Bro
713908,139,Upplands-Bro
713909,139,Upplands-Bro
713910,139,Upplands-Bro
713911,139,Upplands-Bro
713912,139,Upplands-Bro
713914,139,Upplands-Bro
713915,139,Upplands-Bro
713916,139,Upplands-Bro
713917,139,Upplands-Bro
713918,139,Upplands-Bro
713919,139,Upplands-Bro
713920,139,Upplands-Bro
713921,139,Upplands-Bro
718149,140,Nykvarn
718150,140,Nykvarn
718151,140,Nykvarn
716001,160,Täby
716002,160,Täby
716003,160,Täby
716004,160,Täby
716006,160,Täby
716010,160,Täby
716013,160,Täby
716051,160,Täby
716053,160,Täby
716007,160,Täby
716012,160,Täby
716014,160,Täby
716015,160,Täby
716016,160,Täby
716017,160,Täby
716019,160,Täby
716020,160,Täby
716021,160,Täby
716022,160,Täby
716023,160,Täby
716024,160,Täby
716025,160,Täby
716026,160,Täby
716027,160,Täby
716028,160,Täby
716029,160,Täby
716030,160,Täby
716031,160,Täby
716032,160,Täby
716033,160,Täby
716034,160,Täby
716035,160,Täby
716036,160,Täby
716037,160,Täby
716038,160,Täby
716039,160,Täby
716040,160,Täby
716041,160,Täby
716042,160,Täby
716043,160,Täby
716044,160,Täby
716045,160,Täby
716046,160,Täby
716047,160,Täby
716048,160,Täby
716049,160,Täby
716050,160,Täby
716011,162,Danderyd
716052,162,Danderyd
716201,162,Danderyd
716202,162,Danderyd
716203,162,Danderyd
716204,162,Danderyd
716205,162,Danderyd
716206,162,Danderyd
716207,162,Danderyd
716208,162,Danderyd
716209,162,Danderyd
716210,162,Danderyd
716211,162,Danderyd
716212,162,Danderyd
716213,162,Danderyd
716214,162,Danderyd
716215,162,Danderyd
716216,162,Danderyd
716217,162,Danderyd
716218,162,Danderyd
716219,162,Danderyd
716220,162,Danderyd
716222,162,Danderyd
716018,162,Danderyd
716301,163,Sollentuna
716302,163,Sollentuna
716303,163,Sollentuna
716304,163,Sollentuna
716305,163,Sollentuna
716306,163,Sollentuna
716308,163,Sollentuna
716311,163,Sollentuna
716312,163,Sollentuna
716325,163,Sollentuna
716327,163,Sollentuna
716328,163,Sollentuna
716329,163,Sollentuna
716330,163,Sollentuna
716331,163,Sollentuna
716332,163,Sollentuna
716333,163,Sollentuna
716334,163,Sollentuna
716335,163,Sollentuna
711415,163,Sollentuna
711430,163,Sollentuna
716307,163,Sollentuna
716309,163,Sollentuna
716310,163,Sollentuna
716313,163,Sollentuna
716314,163,Sollentuna
716315,163,Sollentuna
716316,163,Sollentuna
716317,163,Sollentuna
716318,163,Sollentuna
716319,163,Sollentuna
716320,163,Sollentuna
716321,163,Sollentuna
716322,163,Sollentuna
716323,163,Sollentuna
716324,163,Sollentuna
716326,163,Sollentuna
710236,180,Stockholm
710272,180,Stockholm
710273,180,Stockholm
710274,180,Stockholm
710444,180,Stockholm
710446,180,Stockholm
710448,180,Stockholm
710332,180,Stockholm
710333,180,Stockholm
710334,180,Stockholm
710335,180,Stockholm
710336,180,Stockholm
710337,180,Stockholm
710341,180,Stockholm
710364,180,Stockholm
710367,180,Stockholm
710368,180,Stockholm
710356,180,Stockholm
710301,180,Stockholm
710302,180,Stockholm
710303,180,Stockholm
710304,180,Stockholm
710305,180,Stockholm
710306,180,Stockholm
710307,180,Stockholm
710308,180,Stockholm
710322,180,Stockholm
710324,180,Stockholm
710342,180,Stockholm
710343,180,Stockholm
710346,180,Stockholm
710357,180,Stockholm
710358,180,Stockholm
710401,180,Stockholm
710402,180,Stockholm
710403,180,Stockholm
710404,180,Stockholm
710406,180,Stockholm
710409,180,Stockholm
710411,180,Stockholm
710412,180,Stockholm
710413,180,Stockholm
710414,180,Stockholm
710415,180,Stockholm
710416,180,Stockholm
710418,180,Stockholm
710427,180,Stockholm
710428,180,Stockholm
710429,180,Stockholm
710435,180,Stockholm
710451,180,Stockholm
710459,180,Stockholm
710463,180,Stockholm
720103,180,Stockholm
720108,180,Stockholm
720109,180,Stockholm
720110,180,Stockholm
720111,180,Stockholm
720112,180,Stockholm
720113,180,Stockholm
720115,180,Stockholm
720116,180,Stockholm
720117,180,Stockholm
720118,180,Stockholm
720119,180,Stockholm
720120,180,Stockholm
720121,180,Stockholm
720122,180,Stockholm
720123,180,Stockholm
720124,180,Stockholm
720125,180,Stockholm
720126,180,Stockholm
720127,180,Stockholm
720128,180,Stockholm
720129,180,Stockholm
720130,180,Stockholm
720131,180,Stockholm
720132,180,Stockholm
720133,180,Stockholm
720134,180,Stockholm
720135,180,Stockholm
720136,180,Stockholm
720137,180,Stockholm
720138,180,Stockholm
720139,180,Stockholm
720140,180,Stockholm
720142,180,Stockholm
720143,180,Stockholm
720144,180,Stockholm
720145,180,Stockholm
720146,180,Stockholm
720147,180,Stockholm
720148,180,Stockholm
720149,180,Stockholm
720150,180,Stockholm
720152,180,Stockholm
720153,180,Stockholm
720158,180,Stockholm
720159,180,Stockholm
720160,180,Stockholm
720163,180,Stockholm
720164,180,Stockholm
720165,180,Stockholm
720174,180,Stockholm
720175,180,Stockholm
720176,180,Stockholm
720177,180,Stockholm
720178,180,Stockholm
720179,180,Stockholm
720180,180,Stockholm
720181,180,Stockholm
720182,180,Stockholm
720183,180,Stockholm
720184,180,Stockholm
720185,180,Stockholm
720186,180,Stockholm
720187,180,Stockholm
720188,180,Stockholm
720189,180,Stockholm
720190,180,Stockholm
720191,180,Stockholm
720192,180,Stockholm
720194,180,Stockholm
721110,180,Stockholm
721111,180,Stockholm
721113,180,Stockholm
721117,180,Stockholm
721118,180,Stockholm
721121,180,Stockholm
721122,180,Stockholm
721123,180,Stockholm
721124,180,Stockholm
721125,180,Stockholm
721126,180,Stockholm
721127,180,Stockholm
721128,180,Stockholm
721134,180,Stockholm
721135,180,Stockholm
721136,180,Stockholm
721137,180,Stockholm
721138,180,Stockholm
721139,180,Stockholm
721143,180,Stockholm
721145,180,Stockholm
721147,180,Stockholm
721149,180,Stockholm
721158,180,Stockholm
721160,180,Stockholm
721165,180,Stockholm
721166,180,Stockholm
721178,180,Stockholm
721179,180,Stockholm
721180,180,Stockholm
721181,180,Stockholm
721182,180,Stockholm
721183,180,Stockholm
721184,180,Stockholm
721185,180,Stockholm
721186,180,Stockholm
721187,180,Stockholm
721188,180,Stockholm
721189,180,Stockholm
721192,180,Stockholm
721194,180,Stockholm
722117,180,Stockholm
722121,180,Stockholm
722122,180,Stockholm
722123,180,Stockholm
722126,180,Stockholm
722135,180,Stockholm
722137,180,Stockholm
722138,180,Stockholm
722139,180,Stockholm
722147,180,Stockholm
722165,180,Stockholm
722178,180,Stockholm
722180,180,Stockholm
722183,180,Stockholm
722187,180,Stockholm
722188,180,Stockholm
722192,180,Stockholm
723121,180,Stockholm
723123,180,Stockholm
723126,180,Stockholm
723135,180,Stockholm
723136,180,Stockholm
723138,180,Stockholm
723139,180,Stockholm
723165,180,Stockholm
723180,180,Stockholm
723183,180,Stockholm
723188,180,Stockholm
724123,180,Stockholm
724138,180,Stockholm
724180,180,Stockholm
725180,180,Stockholm
710344,180,Stockholm
710345,180,Stockholm
720154,180,Stockholm
710201,180,Stockholm
710203,180,Stockholm
710204,180,Stockholm
710205,180,Stockholm
710209,180,Stockholm
710210,180,Stockholm
710211,180,Stockholm
710212,180,Stockholm
710213,180,Stockholm
710214,180,Stockholm
710215,180,Stockholm
710216,180,Stockholm
710217,180,Stockholm
710218,180,Stockholm
710219,180,Stockholm
710221,180,Stockholm
710222,180,Stockholm
710223,180,Stockholm
710224,180,Stockholm
710225,180,Stockholm
710226,180,Stockholm
710227,180,Stockholm
710228,180,Stockholm
710230,180,Stockholm
710232,180,Stockholm
710233,180,Stockholm
710234,180,Stockholm
710235,180,Stockholm
710239,180,Stockholm
710240,180,Stockholm
710241,180,Stockholm
710242,180,Stockholm
710243,180,Stockholm
710244,180,Stockholm
710245,180,Stockholm
710247,180,Stockholm
710248,180,Stockholm
710249,180,Stockholm
710250,180,Stockholm
710251,180,Stockholm
710252,180,Stockholm
710253,180,Stockholm
710254,180,Stockholm
710255,180,Stockholm
710256,180,Stockholm
710257,180,Stockholm
710258,180,Stockholm
710259,180,Stockholm
710260,180,Stockholm
710261,180,Stockholm
710262,180,Stockholm
710263,180,Stockholm
710264,180,Stockholm
710265,180,Stockholm
710266,180,Stockholm
710267,180,Stockholm
710269,180,Stockholm
710270,180,Stockholm
710271,180,Stockholm
710275,180,Stockholm
710276,180,Stockholm
710277,180,Stockholm
710278,180,Stockholm
710279,180,Stockholm
710281,180,Stockholm
710282,180,Stockholm
710283,180,Stockholm
710284,180,Stockholm
710287,180,Stockholm
710289,180,Stockholm
710290,180,Stockholm
718303,180,Stockholm
718304,180,Stockholm
718306,180,Stockholm
718314,180,Stockholm
718401,180,Stockholm
718403,180,Stockholm
718406,180,Stockholm
718421,180,Stockholm
718422,180,Stockholm
718446,180,Stockholm
720101,180,Stockholm
722136,180,Stockholm
710309,180,Stockholm
710310,180,Stockholm
710311,180,Stockholm
710312,180,Stockholm
710313,180,Stockholm
710314,180,Stockholm
710315,180,Stockholm
710316,180,Stockholm
710317,180,Stockholm
710318,180,Stockholm
710319,180,Stockholm
710320,180,Stockholm
710321,180,Stockholm
710323,180,Stockholm
710325,180,Stockholm
710326,180,Stockholm
710327,180,Stockholm
710328,180,Stockholm
710329,180,Stockholm
710330,180,Stockholm
710331,180,Stockholm
710348,180,Stockholm
710349,180,Stockholm
710350,180,Stockholm
710351,180,Stockholm
710352,180,Stockholm
710353,180,Stockholm
710354,180,Stockholm
710355,180,Stockholm
710359,180,Stockholm
710360,180,Stockholm
710361,180,Stockholm
710362,180,Stockholm
710363,180,Stockholm
710365,180,Stockholm
710366,180,Stockholm
710417,180,Stockholm
710419,180,Stockholm
710420,180,Stockholm
710421,180,Stockholm
710426,180,Stockholm
710207,180,Stockholm
710407,180,Stockholm
710408,180,Stockholm
710410,180,Stockholm
710422,180,Stockholm
710423,180,Stockholm
710424,180,Stockholm
710425,180,Stockholm
710430,180,Stockholm
710431,180,Stockholm
710432,180,Stockholm
710433,180,Stockholm
710434,180,Stockholm
710436,180,Stockholm
710437,180,Stockholm
710438,180,Stockholm
710439,180,Stockholm
710440,180,Stockholm
710441,180,Stockholm
710442,180,Stockholm
710443,180,Stockholm
710452,180,Stockholm
710453,180,Stockholm
710454,180,Stockholm
710456,180,Stockholm
710457,180,Stockholm
710458,180,Stockholm
710460,180,Stockholm
710461,180,Stockholm
710462,180,Stockholm
710464,180,Stockholm
718101,181,Södertälje
718102,181,Södertälje
718103,181,Södertälje
718104,181,Södertälje
718105,181,Södertälje
718106,181,Södertälje
718107,181,Södertälje
718108,181,Södertälje
718109,181,Södertälje
718110,181,Södertälje
718111,181,Södertälje
718112,181,Södertälje
718113,181,Södertälje
718114,181,Södertälje
718115,181,Södertälje
718116,181,Södertälje
718117,181,Södertälje
718118,181,Södertälje
718119,181,Södertälje
718120,181,Södertälje
718123,181,Södertälje
718124,181,Södertälje
718125,181,Södertälje
718126,181,Södertälje
718127,181,Södertälje
718128,181,Södertälje
718129,181,Södertälje
718130,181,Södertälje
718131,181,Södertälje
718132,181,Södertälje
718133,181,Södertälje
718134,181,Södertälje
718135,181,Södertälje
718136,181,Södertälje
718137,181,Södertälje
718138,181,Södertälje
718139,181,Södertälje
718140,181,Södertälje
718141,181,Södertälje
718142,181,Södertälje
718143,181,Södertälje
718144,181,Södertälje
718145,181,Södertälje
718147,181,Södertälje
718148,181,Södertälje
718152,181,Södertälje
718153,181,Södertälje
718154,181,Södertälje
718155,181,Södertälje
718156,181,Södertälje
718157,181,Södertälje
718158,181,Södertälje
718159,181,Södertälje
746101,181,Södertälje
746103,181,Södertälje
718121,181,Södertälje
718146,181,Södertälje
718213,182,Nacka
718215,182,Nacka
718216,182,Nacka
718217,182,Nacka
718218,182,Nacka
718221,182,Nacka
718223,182,Nacka
718224,182,Nacka
718225,182,Nacka
718226,182,Nacka
718227,182,Nacka
718228,182,Nacka
718229,182,Nacka
718230,182,Nacka
718233,182,Nacka
718234,182,Nacka
718235,182,Nacka
718236,182,Nacka
718237,182,Nacka
718239,182,Nacka
718240,182,Nacka
718245,182,Nacka
718246,182,Nacka
718247,182,Nacka
718248,182,Nacka
718250,182,Nacka
718255,182,Nacka
720193,182,Nacka
721193,182,Nacka
710347,182,Nacka
718201,182,Nacka
718202,182,Nacka
718203,182,Nacka
718204,182,Nacka
718205,182,Nacka
718206,182,Nacka
718207,182,Nacka
718208,182,Nacka
718209,182,Nacka
718210,182,Nacka
718211,182,Nacka
718212,182,Nacka
718214,182,Nacka
718222,182,Nacka
718244,182,Nacka
718249,182,Nacka
718251,182,Nacka
718253,182,Nacka
718254,182,Nacka
718301,183,Sundbyberg
718302,183,Sundbyberg
718305,183,Sundbyberg
718307,183,Sundbyberg
718308,183,Sundbyberg
718309,183,Sundbyberg
718310,183,Sundbyberg
718311,183,Sundbyberg
718312,183,Sundbyberg
718313,183,Sundbyberg
718315,183,Sundbyberg
718316,183,Sundbyberg
718317,183,Sundbyberg
718318,183,Sundbyberg
718319,183,Sundbyberg
718447,183,Sundbyberg
718402,184,Solna
718404,184,Solna
718405,184,Solna
718407,184,Solna
718408,184,Solna
718409,184,Solna
718410,184,Solna
718411,184,Solna
718412,184,Solna
718413,184,Solna
718414,184,Solna
718415,184,Solna
718416,184,Solna
718417,184,Solna
718418,184,Solna
718419,184,Solna
718420,184,Solna
718423,184,Solna
718424,184,Solna
718425,184,Solna
718426,184,Solna
718427,184,Solna
718428,184,Solna
718429,184,Solna
718430,184,Solna
718431,184,Solna
718432,184,Solna
718433,184,Solna
718434,184,Solna
718435,184,Solna
718436,184,Solna
718437,184,Solna
718438,184,Solna
718439,184,Solna
718440,184,Solna
718441,184,Solna
718442,184,Solna
718443,184,Solna
718444,184,Solna
718445,184,Solna
718448,184,Solna
718626,186,Lidingö
718627,186,Lidingö
718628,186,Lidingö
718630,186,Lidingö
718632,186,Lidingö
718633,186,Lidingö
718635,186,Lidingö
718602,186,Lidingö
718603,186,Lidingö
718631,186,Lidingö
718634,186,Lidingö
718636,186,Lidingö
718605,186,Lidingö
718607,186,Lidingö
718611,186,Lidingö
718612,186,Lidingö
718613,186,Lidingö
718614,186,Lidingö
718615,186,Lidingö
718616,186,Lidingö
718617,186,Lidingö
718622,186,Lidingö
718624,186,Lidingö
718703,187,Vaxholm
718780,187,Vaxholm
718707,187,Vaxholm
718801,188,Norrtälje
718802,188,Norrtälje
718803,188,Norrtälje
718807,188,Norrtälje
718809,188,Norrtälje
718810,188,Norrtälje
718815,188,Norrtälje
718816,188,Norrtälje
718817,188,Norrtälje
718818,188,Norrtälje
718819,188,Norrtälje
718820,188,Norrtälje
718821,188,Norrtälje
718822,188,Norrtälje
718823,188,Norrtälje
718824,188,Norrtälje
718825,188,Norrtälje
718826,188,Norrtälje
718827,188,Norrtälje
718829,188,Norrtälje
718830,188,Norrtälje
718831,188,Norrtälje
718832,188,Norrtälje
718835,188,Norrtälje
718838,188,Norrtälje
718839,188,Norrtälje
718840,188,Norrtälje
718841,188,Norrtälje
718842,188,Norrtälje
718844,188,Norrtälje
718845,188,Norrtälje
718850,188,Norrtälje
718851,188,Norrtälje
718853,188,Norrtälje
718854,188,Norrtälje
718855,188,Norrtälje
718856,188,Norrtälje
718857,188,Norrtälje
718858,188,Norrtälje
718859,188,Norrtälje
718860,188,Norrtälje
718861,188,Norrtälje
718862,188,Norrtälje
718865,188,Norrtälje
718867,188,Norrtälje
718811,188,Norrtälje
718812,188,Norrtälje
718813,188,Norrtälje
718814,188,Norrtälje
718846,188,Norrtälje
718847,188,Norrtälje
718848,188,Norrtälje
718849,188,Norrtälje
718863,188,Norrtälje
718864,188,Norrtälje
719101,191,Sigtuna
719102,191,Sigtuna
719103,191,Sigtuna
719104,191,Sigtuna
719105,191,Sigtuna
719106,191,Sigtuna
719107,191,Sigtuna
719108,191,Sigtuna
719131,191,Sigtuna
719109,191,Sigtuna
719110,191,Sigtuna
719111,191,Sigtuna
719112,191,Sigtuna
719113,191,Sigtuna
719114,191,Sigtuna
719115,191,Sigtuna
719116,191,Sigtuna
719117,191,Sigtuna
719118,191,Sigtuna
719119,191,Sigtuna
719120,191,Sigtuna
719121,191,Sigtuna
719122,191,Sigtuna
719123,191,Sigtuna
719124,191,Sigtuna
719125,191,Sigtuna
719126,191,Sigtuna
719127,191,Sigtuna
719128,191,Sigtuna
719129,191,Sigtuna
719130,191,Sigtuna
719132,191,Sigtuna
719133,191,Sigtuna
719134,191,Sigtuna
719135,191,Sigtuna
719136,191,Sigtuna
719137,191,Sigtuna
719138,191,Sigtuna
719139,191,Sigtuna
719140,191,Sigtuna
719141,191,Sigtuna
719142,191,Sigtuna
719143,191,Sigtuna
719144,191,Sigtuna
719215,192,Nynäshamn
719203,192,Nynäshamn
719204,192,Nynäshamn
719205,192,Nynäshamn
719208,192,Nynäshamn
719209,192,Nynäshamn
719210,192,Nynäshamn
719211,192,Nynäshamn
719212,192,Nynäshamn
719213,192,Nynäshamn
719218,192,Nynäshamn
719220,192,Nynäshamn
719221,192,Nynäshamn
730501,305,Håbo
730504,305,Håbo
730505,305,Håbo
730506,305,Håbo
730507,305,Håbo
730508,305,Håbo
730509,305,Håbo
730510,305,Håbo
730511,305,Håbo
730512,305,Håbo
730513,305,Håbo
730514,305,Håbo
730515,305,Håbo
730516,305,Håbo
730517,305,Håbo
730518,305,Håbo
730519,305,Håbo
738132,305,Håbo
731902,319,Älvkarleby
731903,319,Älvkarleby
731904,319,Älvkarleby
731905,319,Älvkarleby
731907,319,Älvkarleby
731908,319,Älvkarleby
731909,319,Älvkarleby
737087,330,Knivsta
737088,330,Knivsta
737070,330,Knivsta
737074,330,Knivsta
737075,330,Knivsta
737076,330,Knivsta
737077,330,Knivsta
737078,330,Knivsta
737079,330,Knivsta
737080,330,Knivsta
737081,330,Knivsta
737082,330,Knivsta
737086,330,Knivsta
737089,330,Knivsta
737084,330,Knivsta
737071,330,Knivsta
737072,330,Knivsta
737073,330,Knivsta
737083,330,Knivsta
737085,330,Knivsta
891710,331,Heby
891701,331,Heby
891702,331,Heby
891703,331,Heby
891704,331,Heby
891705,331,Heby
891706,331,Heby
891707,331,Heby
891708,331,Heby
891709,331,Heby
891711,331,Heby
736017,360,Tierp
736001,360,Tierp
736002,360,Tierp
736003,360,Tierp
736004,360,Tierp
736005,360,Tierp
736006,360,Tierp
736008,360,Tierp
736009,360,Tierp
736010,360,Tierp
736011,360,Tierp
736012,360,Tierp
736013,360,Tierp
736014,360,Tierp
736015,360,Tierp
737090,380,Uppsala
737091,380,Uppsala
737107,380,Uppsala
737109,380,Uppsala
737001,380,Uppsala
737002,380,Uppsala
737003,380,Uppsala
737004,380,Uppsala
737005,380,Uppsala
737006,380,Uppsala
737007,380,Uppsala
737008,380,Uppsala
737009,380,Uppsala
737010,380,Uppsala
737011,380,Uppsala
737012,380,Uppsala
737013,380,Uppsala
737014,380,Uppsala
737015,380,Uppsala
737016,380,Uppsala
737017,380,Uppsala
737018,380,Uppsala
737019,380,Uppsala
737020,380,Uppsala
737021,380,Uppsala
737022,380,Uppsala
737023,380,Uppsala
737024,380,Uppsala
737025,380,Uppsala
737026,380,Uppsala
737027,380,Uppsala
737028,380,Uppsala
737029,380,Uppsala
737030,380,Uppsala
737031,380,Uppsala
737032,380,Uppsala
737033,380,Uppsala
737034,380,Uppsala
737035,380,Uppsala
737036,380,Uppsala
737037,380,Uppsala
737038,380,Uppsala
737039,380,Uppsala
737040,380,Uppsala
737041,380,Uppsala
737042,380,Uppsala
737043,380,Uppsala
737044,380,Uppsala
737045,380,Uppsala
737046,380,Uppsala
737047,380,Uppsala
737048,380,Uppsala
737049,380,Uppsala
737050,380,Uppsala
737051,380,Uppsala
737052,380,Uppsala
737053,380,Uppsala
737054,380,Uppsala
737055,380,Uppsala
737056,380,Uppsala
737057,380,Uppsala
737058,380,Uppsala
737059,380,Uppsala
737060,380,Uppsala
737061,380,Uppsala
737062,380,Uppsala
737063,380,Uppsala
737064,380,Uppsala
737065,380,Uppsala
737066,380,Uppsala
737111,380,Uppsala
737112,380,Uppsala
737113,380,Uppsala
737114,380,Uppsala
737115,380,Uppsala
737116,380,Uppsala
737117,380,Uppsala
737118,380,Uppsala
737119,380,Uppsala
737121,380,Uppsala
737122,380,Uppsala
737123,380,Uppsala
737124,380,Uppsala
737126,380,Uppsala
737127,380,Uppsala
737128,380,Uppsala
737129,380,Uppsala
737130,380,Uppsala
737131,380,Uppsala
737132,380,Uppsala
737137,380,Uppsala
737138,380,Uppsala
737139,380,Uppsala
737140,380,Uppsala
737141,380,Uppsala
737142,380,Uppsala
737143,380,Uppsala
737144,380,Uppsala
737145,380,Uppsala
737146,380,Uppsala
737147,380,Uppsala
737148,380,Uppsala
737149,380,Uppsala
737150,380,Uppsala
737151,380,Uppsala
737152,380,Uppsala
737153,380,Uppsala
737154,380,Uppsala
737155,380,Uppsala
737156,380,Uppsala
737157,380,Uppsala
737158,380,Uppsala
737159,380,Uppsala
737160,380,Uppsala
738001,380,Uppsala
738002,380,Uppsala
738003,380,Uppsala
738004,380,Uppsala
738005,380,Uppsala
738006,380,Uppsala
738007,380,Uppsala
738008,380,Uppsala
738009,380,Uppsala
738010,380,Uppsala
738011,380,Uppsala
738012,380,Uppsala
738013,380,Uppsala
738014,380,Uppsala
738015,380,Uppsala
738016,380,Uppsala
738017,380,Uppsala
738018,380,Uppsala
738019,380,Uppsala
738020,380,Uppsala
738021,380,Uppsala
738022,380,Uppsala
738023,380,Uppsala
738024,380,Uppsala
738025,380,Uppsala
738026,380,Uppsala
738027,380,Uppsala
738028,380,Uppsala
738029,380,Uppsala
738030,380,Uppsala
738031,380,Uppsala
738032,380,Uppsala
738033,380,Uppsala
738034,380,Uppsala
738035,380,Uppsala
738036,380,Uppsala
738037,380,Uppsala
738038,380,Uppsala
738039,380,Uppsala
738040,380,Uppsala
738041,380,Uppsala
738042,380,Uppsala
738043,380,Uppsala
738044,380,Uppsala
738045,380,Uppsala
738046,380,Uppsala
738047,380,Uppsala
738048,380,Uppsala
738049,380,Uppsala
738050,380,Uppsala
738051,380,Uppsala
738052,380,Uppsala
738053,380,Uppsala
738054,380,Uppsala
738055,380,Uppsala
738056,380,Uppsala
738057,380,Uppsala
738058,380,Uppsala
738059,380,Uppsala
738060,380,Uppsala
738061,380,Uppsala
738062,380,Uppsala
738063,380,Uppsala
738064,380,Uppsala
738065,380,Uppsala
738066,380,Uppsala
738067,380,Uppsala
738068,380,Uppsala
738069,380,Uppsala
738070,380,Uppsala
738071,380,Uppsala
738072,380,Uppsala
738073,380,Uppsala
738074,380,Uppsala
738075,380,Uppsala
738076,380,Uppsala
738077,380,Uppsala
738078,380,Uppsala
738079,380,Uppsala
738080,380,Uppsala
738081,380,Uppsala
738082,380,Uppsala
738083,380,Uppsala
738084,380,Uppsala
738085,380,Uppsala
738086,380,Uppsala
738087,380,Uppsala
738088,380,Uppsala
738089,380,Uppsala
738090,380,Uppsala
738091,380,Uppsala
738092,380,Uppsala
738093,380,Uppsala
738094,380,Uppsala
738095,380,Uppsala
738096,380,Uppsala
738097,380,Uppsala
738098,380,Uppsala
738099,380,Uppsala
737120,380,Uppsala
737125,380,Uppsala
737133,380,Uppsala
737134,380,Uppsala
737135,380,Uppsala
737136,380,Uppsala
737067,380,Uppsala
737068,380,Uppsala
737069,380,Uppsala
737092,380,Uppsala
737093,380,Uppsala
737094,380,Uppsala
737095,380,Uppsala
737096,380,Uppsala
737097,380,Uppsala
737098,380,Uppsala
737099,380,Uppsala
737101,380,Uppsala
737102,380,Uppsala
737103,380,Uppsala
737104,380,Uppsala
737105,380,Uppsala
737106,380,Uppsala
737108,380,Uppsala
737110,380,Uppsala
738101,381,Enköping
738102,381,Enköping
738103,381,Enköping
738104,381,Enköping
738105,381,Enköping
738106,381,Enköping
738107,381,Enköping
738108,381,Enköping
738109,381,Enköping
738110,381,Enköping
738111,381,Enköping
738112,381,Enköping
738113,381,Enköping
738115,381,Enköping
738116,381,Enköping
738117,381,Enköping
738118,381,Enköping
738119,381,Enköping
738120,381,Enköping
738121,381,Enköping
738122,381,Enköping
738125,381,Enköping
738126,381,Enköping
738127,381,Enköping
738128,381,Enköping
738129,381,Enköping
738130,381,Enköping
738131,381,Enköping
738133,381,Enköping
738134,381,Enköping
738135,381,Enköping
738136,381,Enköping
738137,381,Enköping
738138,381,Enköping
738139,381,Enköping
738142,381,Enköping
738143,381,Enköping
738144,381,Enköping
738145,381,Enköping
738147,381,Enköping
738140,381,Enköping
738141,381,Enköping
738146,381,Enköping
738201,382,Östhammar
738202,382,Östhammar
738205,382,Östhammar
738206,382,Östhammar
738208,382,Östhammar
738209,382,Östhammar
738210,382,Östhammar
738212,382,Östhammar
738213,382,Östhammar
738217,382,Östhammar
738203,382,Östhammar
738204,382,Östhammar
738215,382,Östhammar
738216,382,Östhammar
738218,382,Östhammar
738219,382,Östhammar
738220,382,Östhammar
738221,382,Östhammar
738222,382,Östhammar
738207,382,Östhammar
736007,382,Östhammar
738223,382,Östhammar
887065,428,Vingåker
742801,428,Vingåker
742802,428,Vingåker
742803,428,Vingåker
742804,428,Vingåker
742805,428,Vingåker
742806,428,Vingåker
742807,428,Vingåker
742808,428,Vingåker
746102,461,Gnesta
746104,461,Gnesta
746105,461,Gnesta
746106,461,Gnesta
748001,480,Nyköping
748002,480,Nyköping
748003,480,Nyköping
748004,480,Nyköping
748005,480,Nyköping
748006,480,Nyköping
748007,480,Nyköping
748008,480,Nyköping
748009,480,Nyköping
748010,480,Nyköping
748011,480,Nyköping
748012,480,Nyköping
748013,480,Nyköping
748015,480,Nyköping
748016,480,Nyköping
748017,480,Nyköping
748018,480,Nyköping
748019,480,Nyköping
748020,480,Nyköping
748021,480,Nyköping
748028,480,Nyköping
748034,480,Nyköping
748038,480,Nyköping
748039,480,Nyköping
748040,480,Nyköping
748041,480,Nyköping
748042,480,Nyköping
748043,480,Nyköping
748044,480,Nyköping
748045,480,Nyköping
748046,480,Nyköping
748047,480,Nyköping
748048,480,Nyköping
748049,480,Nyköping
748050,480,Nyköping
748051,480,Nyköping
748052,480,Nyköping
748053,480,Nyköping
748054,480,Nyköping
748055,480,Nyköping
748056,480,Nyköping
748057,480,Nyköping
748058,480,Nyköping
748059,480,Nyköping
748061,480,Nyköping
748062,480,Nyköping
748063,480,Nyköping
748064,480,Nyköping
748215,480,Nyköping
748014,481,Oxelösund
748101,481,Oxelösund
748103,481,Oxelösund
748104,481,Oxelösund
748105,481,Oxelösund
748106,481,Oxelösund
748107,481,Oxelösund
748108,481,Oxelösund
748110,481,Oxelösund
748111,481,Oxelösund
748112,481,Oxelösund
748208,482,Flen
748216,482,Flen
748217,482,Flen
748219,482,Flen
748201,482,Flen
748202,482,Flen
748203,482,Flen
748204,482,Flen
748205,482,Flen
748206,482,Flen
748207,482,Flen
748209,482,Flen
748210,482,Flen
748211,482,Flen
748212,482,Flen
748213,482,Flen
748214,482,Flen
748218,482,Flen
748466,482,Flen
748302,483,Katrineholm
748303,483,Katrineholm
748304,483,Katrineholm
748311,483,Katrineholm
748312,483,Katrineholm
748313,483,Katrineholm
748315,483,Katrineholm
748323,483,Katrineholm
748324,483,Katrineholm
748326,483,Katrineholm
748327,483,Katrineholm
748333,483,Katrineholm
748334,483,Katrineholm
748335,483,Katrineholm
748336,483,Katrineholm
748337,483,Katrineholm
748338,483,Katrineholm
748339,483,Katrineholm
748340,483,Katrineholm
748341,483,Katrineholm
748342,483,Katrineholm
748343,483,Katrineholm
748344,483,Katrineholm
748345,483,Katrineholm
748346,483,Katrineholm
748347,483,Katrineholm
748348,483,Katrineholm
748349,483,Katrineholm
748350,483,Katrineholm
748351,483,Katrineholm
748352,483,Katrineholm
748353,483,Katrineholm
748354,483,Katrineholm
748355,483,Katrineholm
748356,483,Katrineholm
748357,483,Katrineholm
748358,483,Katrineholm
748359,483,Katrineholm
748360,483,Katrineholm
748361,483,Katrineholm
748362,483,Katrineholm
748301,483,Katrineholm
748305,483,Katrineholm
748306,483,Katrineholm
748307,483,Katrineholm
748308,483,Katrineholm
748309,483,Katrineholm
748310,483,Katrineholm
748314,483,Katrineholm
748316,483,Katrineholm
748317,483,Katrineholm
748318,483,Katrineholm
748319,483,Katrineholm
748320,483,Katrineholm
748321,483,Katrineholm
748322,483,Katrineholm
748325,483,Katrineholm
748328,483,Katrineholm
748329,483,Katrineholm
748330,483,Katrineholm
748331,483,Katrineholm
748332,483,Katrineholm
748414,484,Eskilstuna
748430,484,Eskilstuna
748450,484,Eskilstuna
748452,484,Eskilstuna
748453,484,Eskilstuna
748454,484,Eskilstuna
748464,484,Eskilstuna
748465,484,Eskilstuna
748479,484,Eskilstuna
748480,484,Eskilstuna
747001,484,Eskilstuna
747002,484,Eskilstuna
747003,484,Eskilstuna
747004,484,Eskilstuna
747005,484,Eskilstuna
747006,484,Eskilstuna
747007,484,Eskilstuna
747008,484,Eskilstuna
747009,484,Eskilstuna
747011,484,Eskilstuna
747012,484,Eskilstuna
747013,484,Eskilstuna
748401,484,Eskilstuna
748402,484,Eskilstuna
748403,484,Eskilstuna
748404,484,Eskilstuna
748405,484,Eskilstuna
748406,484,Eskilstuna
748407,484,Eskilstuna
748408,484,Eskilstuna
748409,484,Eskilstuna
748410,484,Eskilstuna
748411,484,Eskilstuna
748412,484,Eskilstuna
748415,484,Eskilstuna
748416,484,Eskilstuna
748417,484,Eskilstuna
748418,484,Eskilstuna
748419,484,Eskilstuna
748420,484,Eskilstuna
748421,484,Eskilstuna
748422,484,Eskilstuna
748423,484,Eskilstuna
748424,484,Eskilstuna
748425,484,Eskilstuna
748426,484,Eskilstuna
748427,484,Eskilstuna
748428,484,Eskilstuna
748429,484,Eskilstuna
748434,484,Eskilstuna
748435,484,Eskilstuna
748436,484,Eskilstuna
748437,484,Eskilstuna
748438,484,Eskilstuna
748439,484,Eskilstuna
748440,484,Eskilstuna
748441,484,Eskilstuna
748442,484,Eskilstuna
748443,484,Eskilstuna
748444,484,Eskilstuna
748445,484,Eskilstuna
748446,484,Eskilstuna
748447,484,Eskilstuna
748448,484,Eskilstuna
748449,484,Eskilstuna
748451,484,Eskilstuna
748455,484,Eskilstuna
748456,484,Eskilstuna
748457,484,Eskilstuna
748458,484,Eskilstuna
748459,484,Eskilstuna
748460,484,Eskilstuna
748461,484,Eskilstuna
748462,484,Eskilstuna
748463,484,Eskilstuna
748468,484,Eskilstuna
748469,484,Eskilstuna
748470,484,Eskilstuna
748471,484,Eskilstuna
748472,484,Eskilstuna
748473,484,Eskilstuna
748474,484,Eskilstuna
748475,484,Eskilstuna
748476,484,Eskilstuna
748477,484,Eskilstuna
748478,484,Eskilstuna
748484,484,Eskilstuna
748485,484,Eskilstuna
748486,484,Eskilstuna
748487,484,Eskilstuna
748488,484,Eskilstuna
748489,484,Eskilstuna
748490,484,Eskilstuna
748491,484,Eskilstuna
748492,484,Eskilstuna
748493,484,Eskilstuna
748494,484,Eskilstuna
748495,484,Eskilstuna
748496,484,Eskilstuna
748497,484,Eskilstuna
748498,484,Eskilstuna
748499,484,Eskilstuna
748431,484,Eskilstuna
748432,484,Eskilstuna
748433,484,Eskilstuna
748467,484,Eskilstuna
748481,484,Eskilstuna
748483,484,Eskilstuna
748601,486,Strängnäs
748602,486,Strängnäs
748603,486,Strängnäs
748604,486,Strängnäs
748605,486,Strängnäs
748608,486,Strängnäs
748609,486,Strängnäs
748613,486,Strängnäs
748614,486,Strängnäs
748615,486,Strängnäs
748606,486,Strängnäs
748607,486,Strängnäs
748610,486,Strängnäs
748611,486,Strängnäs
748612,486,Strängnäs
748616,486,Strängnäs
748801,488,Trosa
748802,488,Trosa
748803,488,Trosa
750901,509,Ödeshög
751201,512,Ydre
751301,513,Kinda
751302,513,Kinda
751303,513,Kinda
756001,560,Boxholm
756002,560,Boxholm
756101,561,Åtvidaberg
756102,561,Åtvidaberg
756103,561,Åtvidaberg
756104,561,Åtvidaberg
756201,562,Finspång
756202,562,Finspång
756203,562,Finspång
756204,562,Finspång
758001,580,Linköping
758002,580,Linköping
758003,580,Linköping
758004,580,Linköping
758005,580,Linköping
758006,580,Linköping
758007,580,Linköping
758008,580,Linköping
758009,580,Linköping
758010,580,Linköping
758011,580,Linköping
758012,580,Linköping
758013,580,Linköping
758014,580,Linköping
758015,580,Linköping
758016,580,Linköping
758017,580,Linköping
758018,580,Linköping
758019,580,Linköping
758101,581,Norrköping
758103,581,Norrköping
758105,581,Norrköping
758112,581,Norrköping
758113,581,Norrköping
758115,581,Norrköping
758117,581,Norrköping
758118,581,Norrköping
758102,581,Norrköping
758104,581,Norrköping
758106,581,Norrköping
758107,581,Norrköping
758108,581,Norrköping
758109,581,Norrköping
758110,581,Norrköping
758111,581,Norrköping
758114,581,Norrköping
758116,581,Norrköping
758201,582,Söderköping
758202,582,Söderköping
758301,583,Motala
758302,583,Motala
758303,583,Motala
758304,583,Motala
758305,583,Motala
758306,583,Motala
758401,584,Vadstena
758601,586,Mjölby
758602,586,Mjölby
758603,586,Mjölby
758604,586,Mjölby
758605,586,Mjölby
758606,586,Mjölby
758607,586,Mjölby
881403,1814,Lekeberg
881404,1814,Lekeberg
881401,1814,Lekeberg
881402,1814,Lekeberg
881405,1814,Lekeberg
881406,1814,Lekeberg
881407,1814,Lekeberg
881408,1814,Lekeberg
881409,1814,Lekeberg
881410,1814,Lekeberg
886004,1860,Laxå
886005,1860,Laxå
886006,1860,Laxå
886001,1860,Laxå
886002,1860,Laxå
886003,1860,Laxå
886007,1860,Laxå
886117,1861,Hallsberg
886118,1861,Hallsberg
886125,1861,Hallsberg
886101,1861,Hallsberg
886102,1861,Hallsberg
886103,1861,Hallsberg
886104,1861,Hallsberg
886105,1861,Hallsberg
886106,1861,Hallsberg
886107,1861,Hallsberg
886108,1861,Hallsberg
886109,1861,Hallsberg
886110,1861,Hallsberg
886111,1861,Hallsberg
886112,1861,Hallsberg
886113,1861,Hallsberg
886114,1861,Hallsberg
886115,1861,Hallsberg
886116,1861,Hallsberg
886119,1861,Hallsberg
886120,1861,Hallsberg
886121,1861,Hallsberg
886122,1861,Hallsberg
886123,1861,Hallsberg
886124,1861,Hallsberg
888108,1861,Hallsberg
888116,1861,Hallsberg
886201,1862,Degerfors
886202,1862,Degerfors
886203,1862,Degerfors
886204,1862,Degerfors
886205,1862,Degerfors
886206,1862,Degerfors
886207,1862,Degerfors
886208,1862,Degerfors
886209,1862,Degerfors
886210,1862,Degerfors
886211,1862,Degerfors
886212,1862,Degerfors
886301,1863,Hällefors
886302,1863,Hällefors
886303,1863,Hällefors
886304,1863,Hällefors
886305,1863,Hällefors
886306,1863,Hällefors
886307,1863,Hällefors
886308,1863,Hällefors
886309,1863,Hällefors
886401,1864,Ljusnarsberg
886402,1864,Ljusnarsberg
886403,1864,Ljusnarsberg
886404,1864,Ljusnarsberg
886405,1864,Ljusnarsberg
887067,1880,Örebro
887001,1880,Örebro
887003,1880,Örebro
887004,1880,Örebro
887005,1880,Örebro
887006,1880,Örebro
887007,1880,Örebro
887008,1880,Örebro
887009,1880,Örebro
887010,1880,Örebro
887011,1880,Örebro
887012,1880,Örebro
887013,1880,Örebro
887014,1880,Örebro
887015,1880,Örebro
887016,1880,Örebro
887017,1880,Örebro
887018,1880,Örebro
887019,1880,Örebro
887020,1880,Örebro
887021,1880,Örebro
887022,1880,Örebro
887023,1880,Örebro
887024,1880,Örebro
887025,1880,Örebro
887026,1880,Örebro
887027,1880,Örebro
887028,1880,Örebro
887029,1880,Örebro
887030,1880,Örebro
887031,1880,Örebro
887032,1880,Örebro
887033,1880,Örebro
887034,1880,Örebro
887035,1880,Örebro
887036,1880,Örebro
887037,1880,Örebro
887038,1880,Örebro
887039,1880,Örebro
887040,1880,Örebro
887041,1880,Örebro
887042,1880,Örebro
887043,1880,Örebro
887044,1880,Örebro
887045,1880,Örebro
887046,1880,Örebro
887047,1880,Örebro
887048,1880,Örebro
887049,1880,Örebro
887050,1880,Örebro
887051,1880,Örebro
887052,1880,Örebro
887053,1880,Örebro
887054,1880,Örebro
887055,1880,Örebro
887056,1880,Örebro
887057,1880,Örebro
887058,1880,Örebro
887059,1880,Örebro
887060,1880,Örebro
887061,1880,Örebro
887062,1880,Örebro
887063,1880,Örebro
887064,1880,Örebro
888001,1880,Örebro
888002,1880,Örebro
888003,1880,Örebro
888004,1880,Örebro
888005,1880,Örebro
888006,1880,Örebro
888007,1880,Örebro
888008,1880,Örebro
888009,1880,Örebro
888010,1880,Örebro
888011,1880,Örebro
888012,1880,Örebro
888013,1880,Örebro
888014,1880,Örebro
888015,1880,Örebro
888016,1880,Örebro
888017,1880,Örebro
888018,1880,Örebro
888019,1880,Örebro
888020,1880,Örebro
888021,1880,Örebro
888022,1880,Örebro
888023,1880,Örebro
888024,1880,Örebro
888025,1880,Örebro
888026,1880,Örebro
888027,1880,Örebro
888028,1880,Örebro
888029,1880,Örebro
888030,1880,Örebro
888031,1880,Örebro
888032,1880,Örebro
888033,1880,Örebro
888034,1880,Örebro
888035,1880,Örebro
888036,1880,Örebro
888037,1880,Örebro
888038,1880,Örebro
888039,1880,Örebro
888040,1880,Örebro
888041,1880,Örebro
888042,1880,Örebro
888043,1880,Örebro
888044,1880,Örebro
888045,1880,Örebro
888046,1880,Örebro
888047,1880,Örebro
888048,1880,Örebro
888049,1880,Örebro
888050,1880,Örebro
888051,1880,Örebro
888052,1880,Örebro
888053,1880,Örebro
888054,1880,Örebro
888055,1880,Örebro
888056,1880,Örebro
888057,1880,Örebro
888058,1880,Örebro
888059,1880,Örebro
888060,1880,Örebro
888061,1880,Örebro
888062,1880,Örebro
888063,1880,Örebro
888064,1880,Örebro
888065,1880,Örebro
888066,1880,Örebro
888067,1880,Örebro
888068,1880,Örebro
888069,1880,Örebro
888070,1880,Örebro
888071,1880,Örebro
888072,1880,Örebro
888073,1880,Örebro
888074,1880,Örebro
888075,1880,Örebro
888076,1880,Örebro
888077,1880,Örebro
888078,1880,Örebro
888079,1880,Örebro
888080,1880,Örebro
888081,1880,Örebro
888082,1880,Örebro
888083,1880,Örebro
888084,1880,Örebro
888085,1880,Örebro
888086,1880,Örebro
888087,1880,Örebro
888088,1880,Örebro
888089,1880,Örebro
888090,1880,Örebro
888091,1880,Örebro
888092,1880,Örebro
888093,1880,Örebro
888094,1880,Örebro
888095,1880,Örebro
888096,1880,Örebro
888097,1880,Örebro
888098,1880,Örebro
888099,1880,Örebro
887002,1881,Kumla
888101,1881,Kumla
888102,1881,Kumla
888103,1881,Kumla
888104,1881,Kumla
888105,1881,Kumla
888106,1881,Kumla
888107,1881,Kumla
888109,1881,Kumla
888110,1881,Kumla
888111,1881,Kumla
888112,1881,Kumla
888113,1881,Kumla
888114,1881,Kumla
888115,1881,Kumla
888117,1881,Kumla
888201,1882,Askersund
888202,1882,Askersund
888203,1882,Askersund
888205,1882,Askersund
888206,1882,Askersund
888210,1882,Askersund
888211,1882,Askersund
888204,1882,Askersund
888207,1882,Askersund
888301,1883,Karlskoga
888302,1883,Karlskoga
888303,1883,Karlskoga
888304,1883,Karlskoga
888305,1883,Karlskoga
888306,1883,Karlskoga
888307,1883,Karlskoga
888308,1883,Karlskoga
888309,1883,Karlskoga
888310,1883,Karlskoga
888311,1883,Karlskoga
888312,1883,Karlskoga
888313,1883,Karlskoga
888314,1883,Karlskoga
888315,1883,Karlskoga
888316,1883,Karlskoga
888317,1883,Karlskoga
888318,1883,Karlskoga
888319,1883,Karlskoga
888320,1883,Karlskoga
888321,1883,Karlskoga
888322,1883,Karlskoga
888323,1883,Karlskoga
888324,1883,Karlskoga
888325,1883,Karlskoga
888326,1883,Karlskoga
888327,1883,Karlskoga
888401,1884,Nora
888402,1884,Nora
888403,1884,Nora
888404,1884,Nora
888405,1884,Nora
888406,1884,Nora
888407,1884,Nora
888408,1884,Nora
888409,1884,Nora
888501,1885,Lindesberg
888502,1885,Lindesberg
888503,1885,Lindesberg
888505,1885,Lindesberg
888508,1885,Lindesberg
888509,1885,Lindesberg
888510,1885,Lindesberg
888511,1885,Lindesberg
888512,1885,Lindesberg
888513,1885,Lindesberg
888514,1885,Lindesberg
888504,1885,Lindesberg
888506,1885,Lindesberg
888507,1885,Lindesberg
888515,1885,Lindesberg
888516,1885,Lindesberg
888517,1885,Lindesberg
890401,1904,Skinnskatteberg
890402,1904,Skinnskatteberg
890403,1904,Skinnskatteberg
890404,1904,Skinnskatteberg
890405,1904,Skinnskatteberg
890701,1907,Surahammar
890702,1907,Surahammar
890703,1907,Surahammar
890704,1907,Surahammar
890705,1907,Surahammar
890706,1907,Surahammar
890707,1907,Surahammar
890708,1907,Surahammar
890709,1907,Surahammar
890710,1907,Surahammar
890711,1907,Surahammar
890712,1907,Surahammar
890713,1907,Surahammar
890714,1907,Surahammar
890715,1907,Surahammar
890716,1907,Surahammar
890717,1907,Surahammar
890718,1907,Surahammar
890719,1907,Surahammar
890720,1907,Surahammar
890721,1907,Surahammar
890722,1907,Surahammar
890723,1907,Surahammar
890724,1907,Surahammar
890725,1907,Surahammar
890726,1907,Surahammar
890727,1907,Surahammar
890728,1907,Surahammar
890729,1907,Surahammar
890730,1907,Surahammar
890731,1907,Surahammar
890732,1907,Surahammar
890733,1907,Surahammar
896001,1960,Kungsör
896002,1960,Kungsör
896003,1960,Kungsör
896004,1960,Kungsör
896005,1960,Kungsör
896006,1960,Kungsör
896007,1960,Kungsör
896101,1961,Hallstahammar
896102,1961,Hallstahammar
896103,1961,Hallstahammar
896104,1961,Hallstahammar
896105,1961,Hallstahammar
896106,1961,Hallstahammar
896108,1961,Hallstahammar
896109,1961,Hallstahammar
896110,1961,Hallstahammar
896111,1961,Hallstahammar
896201,1962,Norberg
896202,1962,Norberg
896203,1962,Norberg
896204,1962,Norberg
896206,1962,Norberg
897066,1980,Västerås
897068,1980,Västerås
897069,1980,Västerås
897070,1980,Västerås
897001,1980,Västerås
897002,1980,Västerås
897003,1980,Västerås
897004,1980,Västerås
897005,1980,Västerås
897006,1980,Västerås
897007,1980,Västerås
897008,1980,Västerås
897009,1980,Västerås
897010,1980,Västerås
897011,1980,Västerås
897012,1980,Västerås
897013,1980,Västerås
897014,1980,Västerås
897015,1980,Västerås
897016,1980,Västerås
897017,1980,Västerås
897018,1980,Västerås
897019,1980,Västerås
897020,1980,Västerås
897021,1980,Västerås
897022,1980,Västerås
897023,1980,Västerås
897024,1980,Västerås
897025,1980,Västerås
897026,1980,Västerås
897027,1980,Västerås
897028,1980,Västerås
897029,1980,Västerås
897030,1980,Västerås
897031,1980,Västerås
897032,1980,Västerås
897033,1980,Västerås
897034,1980,Västerås
897035,1980,Västerås
897036,1980,Västerås
897037,1980,Västerås
897038,1980,Västerås
897039,1980,Västerås
897040,1980,Västerås
897041,1980,Västerås
897042,1980,Västerås
897043,1980,Västerås
897044,1980,Västerås
897049,1980,Västerås
897051,1980,Västerås
897052,1980,Västerås
897053,1980,Västerås
897054,1980,Västerås
897055,1980,Västerås
897056,1980,Västerås
897057,1980,Västerås
897058,1980,Västerås
897059,1980,Västerås
897060,1980,Västerås
897061,1980,Västerås
897062,1980,Västerås
897063,1980,Västerås
897064,1980,Västerås
898001,1980,Västerås
898002,1980,Västerås
898003,1980,Västerås
898004,1980,Västerås
898005,1980,Västerås
898006,1980,Västerås
898007,1980,Västerås
898008,1980,Västerås
898009,1980,Västerås
898010,1980,Västerås
898011,1980,Västerås
898012,1980,Västerås
898013,1980,Västerås
898014,1980,Västerås
898015,1980,Västerås
898016,1980,Västerås
898017,1980,Västerås
898018,1980,Västerås
898019,1980,Västerås
898020,1980,Västerås
898021,1980,Västerås
898022,1980,Västerås
898023,1980,Västerås
898026,1980,Västerås
898027,1980,Västerås
898030,1980,Västerås
898031,1980,Västerås
898032,1980,Västerås
898033,1980,Västerås
898034,1980,Västerås
898035,1980,Västerås
898036,1980,Västerås
898037,1980,Västerås
898038,1980,Västerås
898039,1980,Västerås
898040,1980,Västerås
898041,1980,Västerås
898042,1980,Västerås
898043,1980,Västerås
898044,1980,Västerås
898045,1980,Västerås
898046,1980,Västerås
898047,1980,Västerås
898048,1980,Västerås
898049,1980,Västerås
898050,1980,Västerås
898051,1980,Västerås
898052,1980,Västerås
898054,1980,Västerås
898055,1980,Västerås
898056,1980,Västerås
898057,1980,Västerås
898058,1980,Västerås
898059,1980,Västerås
898060,1980,Västerås
898061,1980,Västerås
898062,1980,Västerås
898063,1980,Västerås
898064,1980,Västerås
898065,1980,Västerås
898066,1980,Västerås
898067,1980,Västerås
898068,1980,Västerås
898069,1980,Västerås
898070,1980,Västerås
898071,1980,Västerås
898072,1980,Västerås
898073,1980,Västerås
898074,1980,Västerås
898075,1980,Västerås
898076,1980,Västerås
898077,1980,Västerås
898079,1980,Västerås
898080,1980,Västerås
898081,1980,Västerås
898082,1980,Västerås
898083,1980,Västerås
898084,1980,Västerås
898085,1980,Västerås
898086,1980,Västerås
898087,1980,Västerås
898088,1980,Västerås
898089,1980,Västerås
898090,1980,Västerås
898091,1980,Västerås
898092,1980,Västerås
898093,1980,Västerås
898094,1980,Västerås
898095,1980,Västerås
898096,1980,Västerås
898097,1980,Västerås
898098,1980,Västerås
898099,1980,Västerås
897050,1980,Västerås
898109,1981,Sala
898110,1981,Sala
898111,1981,Sala
898101,1981,Sala
898102,1981,Sala
898103,1981,Sala
898104,1981,Sala
898105,1981,Sala
898106,1981,Sala
898107,1981,Sala
898108,1981,Sala
898112,1981,Sala
898113,1981,Sala
898114,1981,Sala
898115,1981,Sala
898116,1981,Sala
896205,1982,Fagersta
898201,1982,Fagersta
898202,1982,Fagersta
898203,1982,Fagersta
898204,1982,Fagersta
898205,1982,Fagersta
898206,1982,Fagersta
898207,1982,Fagersta
898208,1982,Fagersta
898209,1982,Fagersta
898210,1982,Fagersta
898211,1982,Fagersta
898324,1983,Köping
898325,1983,Köping
898326,1983,Köping
898327,1983,Köping
898328,1983,Köping
898329,1983,Köping
898330,1983,Köping
898331,1983,Köping
898332,1983,Köping
898301,1983,Köping
898302,1983,Köping
898303,1983,Köping
898304,1983,Köping
898305,1983,Köping
898306,1983,Köping
898307,1983,Köping
898308,1983,Köping
898309,1983,Köping
898310,1983,Köping
898311,1983,Köping
898312,1983,Köping
898313,1983,Köping
898314,1983,Köping
898315,1983,Köping
898316,1983,Köping
898317,1983,Köping
898318,1983,Köping
898319,1983,Köping
898320,1983,Köping
898321,1983,Köping
898322,1983,Köping
898323,1983,Köping
898333,1983,Köping
898334,1983,Köping
898401,1984,Arboga
898402,1984,Arboga
898403,1984,Arboga
898404,1984,Arboga
898405,1984,Arboga
898406,1984,Arboga
898407,1984,Arboga
898408,1984,Arboga
898409,1984,Arboga
898410,1984,Arboga
898411,1984,Arboga
991011,2101,Ockelbo
991041,2104,Hofors
991211,2121,Ovanåker
991212,2121,Ovanåker
991321,2132,Nordanstig
991611,2161,Ljusdal
991612,2161,Ljusdal
991613,2161,Ljusdal
991801,2180,Gävle
991803,2180,Gävle
991804,2180,Gävle
991811,2181,Sandviken
991812,2181,Sandviken
991813,2181,Sandviken
991821,2182,Söderhamn
991823,2182,Söderhamn
991831,2183,Bollnäs
991832,2183,Bollnäs
991833,2183,Bollnäs
991844,2184,Hudiksvall
991841,2184,Hudiksvall
991843,2184,Hudiksvall
